FROM,TO,CATEGORY,SOURCE,DESTINATION,MILES,PRICE-MILES*,PURPOSE,OUTSTATION
01-01-2018 21:11,01-01-2018 21:17,Business,Manhattan,Manhattan,5.1,250,Meal-Entertain,Yes
01-02-2018 01:25,01-02-2018 01:37,Business,Manhattan,Manhattan,5,250,NA,Yes
01-02-2018 20:25,01-02-2018 20:38,Business,Manhattan,Manhattan,4.8,250,Errand-Supplies,Yes
01-05-2018 17:31,01-05-2018 17:45,Business,Manhattan,Manhattan,4.7,250,Appointment,Yes
01-06-2018 14:42,01-06-2018 15:49,Business,Manhattan,West Palm Beach,63.7,250,Customer Visit,Yes
01-06-2018 17:15,01-06-2018 17:19,Business,West Palm Beach,West Palm Beach,4.3,250,Meal-Entertain,Yes
01-06-2018 17:30,01-06-2018 17:35,Outstation,West Palm Beach,Palm Beach,7.1,250,Appointment,Yes
01-07-2018 13:27,01-07-2018 13:33,Business,Krakaow,Krakaow,0.8,250,Appointment,Yes
01-10-2018 08:05,01-10-2018 08:25,Business,Krakaow,Morrisville,8.3,250,Appointment,No
01-10-2018 12:17,01-10-2018 12:44,Business,Jamaica,New York,16.5,250,Customer Visit,No
01-10-2018 15:08,01-10-2018 15:51,Business,New York,Queens,10.8,250,Appointment,No
01-10-2018 18:18,01-10-2018 18:53,Business,Elmhurst,New York,7.5,250,Appointment,Yes
01-10-2018 19:12,01-10-2018 19:32,Business,Midtown,East Harlem,6.2,250,Appointment,
01-11-2018 08:55,01-11-2018 09:21,Business,East Harlem,NoMad,6.4,250,Temporary Site,
01-11-2018 11:56,01-11-2018 12:03,Business,Flatiron District,Midtown,1.6,250,Errand-Supplies,
01-11-2018 13:32,01-11-2018 13:46,Business,Midtown,Midtown East,1.7,29.31,Meal-Entertain,
01-11-2018 14:30,01-11-2018 14:43,Business,Midtown East,Midtown,1.7,29.31,Meal-Entertain,No
01-12-2018 12:33,01-12-2018 12:49,Business,Midtown,Hudson Square,1.7,29.31,Meal-Entertain,Yes
01-12-2018 12:53,01-12-2018 13:09,Business,Hudson Square,Lower Manhattan,1.7,29.31,Meal-Entertain,Yes
01-12-2018 14:42,01-12-2018 14:56,Business,Lower Manhattan,Hudson Square,1.7,29.31,Errand-Supplies,Yes
01-12-2018 15:13,01-12-2018 15:28,Business,Hudson Square,Hell's Kitchen,1.7,29.31,Customer Visit,Yes
01-12-2018 15:42,01-12-2018 15:54,Business,Hell's Kitchen,Midtown,1.7,43.21,Errand-Supplies,Yes
01-12-2018 16:02,01-12-2018 17:00,Outstation,New York,Queens County,1.7,43.21,Appointment,
1-13-2018 13:54,1-13-2018 14:07,Business,Downtown,Gulfton,1.7,43.21,Appointment,No
1-13-2018 15:00,1-13-2018 15:28,Business,Gulfton,Downtown,1.7,43.21,Appointment,No
1-14-2018 16:29,1-14-2018 17:05,Business,Houston,Houston,1.7,29.31,Customer Visit,No
1-14-2018 21:39,1-14-2018 21:45,Business,Eagan Park,Jamestown Court,1.7,29.31,Errand-Supplies,No
1-15-2018 0:41,1-15-2018 1:01,Business,Morrisville,Krakaow,1.7,29.31,Errand-Supplies,No
1-15-2018 11:43,1-15-2018 12:03,Business,Krakaow,Durham,1.7,29.31,Meal-Entertain,No
1-15-2018 13:26,1-15-2018 13:44,Business,Durham,Krakaow,1.7,29.31,Meal-Entertain,No
1-18-2018 14:55,1-18-2018 15:06,Business,Krakaow,Krakaow,1.7,29.31,Meal-Entertain,No
1-18-2018 16:13,1-18-2018 16:24,Business,Farmington Woods,Whitebridge,1.7,29.31,Meal-Entertain,No
1-19-2018 9:09,1-19-2018 9:23,Business,Whitebridge,Lake Wellingborough,7.2,11.58,NA,
1-19-2018 10:55,1-19-2018 11:09,Business,Lake Wellingborough,Whitebridge,7.6,11.58,Temporary Site,
1-20-2018 10:36,1-20-2018 11:11,Business,Krakaow,Tessenowstreet,17.1,11.58,Appointment,
1-20-2018 11:48,1-20-2018 12:19,Business,Fayetteville Street,Umstead,15.1,11.58,Appointment,
1-20-2018 13:25,1-20-2018 14:19,Business,Tessenowstreet,Krakaow,40.2,11.58,Customer Visit,
1-21-2018 14:25,1-21-2018 14:29,Business,Krakaow,Krakaow,1.6,11.58,Errand-Supplies,
1-21-2018 14:43,1-21-2018 14:51,Business,Krakaow,Krakaow,2.4,11.58,Meal-Entertain,
1-21-2018 16:01,1-21-2018 16:06,Business,Krakaow,Krakaow,1,11.58,Meal-Entertain,
1-26-2018 10:41,1-26-2018 10:50,Business,Whitebridge,Hazelwood,2,11.58,Meal-Entertain,
1-26-2018 12:33,1-26-2018 12:41,Business,Hazelwood,Whitebridge,2.3,11.58,Errand-Supplies,
1-26-2018 16:24,1-26-2018 16:32,Business,Whitebridge,Westpark Place,1.9,11.58,Errand-Supplies,
1-26-2018 17:17,1-26-2018 17:22,Business,Krakaow,Krakaow,1.4,11.58,Errand-Supplies,
1-26-2018 17:27,1-26-2018 17:29,Business,Krakaow,Krakaow,0.5,11.58,Errand-Supplies,
1-27-2018 9:24,1-27-2018 9:31,Business,Krakaow,Krakaow,1.8,11.58,Appointment,
1-27-2018 10:19,1-27-2018 10:48,Business,Krakaow,Tessenowstreet,18.7,11.58,Customer Visit,
1-27-2018 12:34,1-27-2018 12:44,Business,Fairmont,Meredith Townes,3.4,11.58,Customer Visit,
1-27-2018 14:05,1-27-2018 14:13,Business,Tessenowstreet,Tessenowstreet,2.7,11.58,Customer Visit,Yes
1-27-2018 14:46,1-27-2018 15:08,Business,Tessenowstreet,Krakaow,12.9,11.58,Customer Visit,No
1-28-2018 12:28,1-28-2018 13:00,Business,Krakaow,Tessenowstreet,19,11.58,Temporary Site,Yes
1-28-2018 15:11,1-28-2018 15:31,Business,Meredith Townes,Leesville Hollow,14.7,11.58,Appointment,Yes
1-28-2018 16:21,1-28-2018 16:51,Business,Tessenowstreet,Krakaow,15.7,11.58,Appointment,No
1-29-2018 9:31,1-29-2018 9:45,Business,Krakaow,Krakaow,4.6,11.58,Customer Visit,
1-29-2018 10:56,1-29-2018 11:07,Business,Krakaow,Krakaow,5.2,11.58,Appointment,
1-29-2018 11:43,1-29-2018 12:03,Business,Krakaow,Durham,10.4,11.58,Appointment,
1-29-2018 13:24,1-29-2018 13:47,Business,Durham,Krakaow,10.1,11.58,Appointment,
1-29-2018 18:31,1-29-2018 18:52,Business,Krakaow,Apex,5.8,11.58,Errand-Supplies,
1-29-2018 21:21,1-29-2018 21:40,Business,Apex,Krakaow,5.5,11.58,Meal-Entertain,
1-30-2018 16:21,1-30-2018 16:33,Business,Krakaow,Apex,5.7,11.58,Errand-Supplies,Yes
1-30-2018 18:09,1-30-2018 18:24,Business,Apex,Krakaow,5.7,11.58,Customer Visit,No
02-01-2018 10:35,02-01-2018 11:15,Business,Krakaow,Chapel Hill,19.4,11.58,Customer Visit,No
02-01-2018 12:10,02-01-2018 12:43,Business,Chapel Hill,Krakaow,23.3,11.58,Customer Visit,Yes
02-01-2018 12:56,02-01-2018 13:07,Business,Northwoods,Whitebridge,3.9,11.58,Meal-Entertain,Yes
02-02-2018 13:04,02-02-2018 13:23,Business,Whitebridge,Williamsburg Manor,8.3,11.58,Appointment,
02-02-2018 13:51,02-02-2018 14:06,Business,Krakaow,Krakaow,6,11.58,Errand-Supplies,
02-02-2018 14:38,02-02-2018 14:42,Business,Krakaow,Krakaow,1.6,11.58,Errand-Supplies,
02-04-2018 08:40,02-04-2018 09:01,Business,Krakaow,Morrisville,5.2,11.58,Errand-Supplies,
02-04-2018 09:37,02-04-2018 10:09,Business,Morrisville,Krakaow,9.7,11.58,Meal-Entertain,
02-04-2018 10:26,02-04-2018 10:32,Business,Krakaow,Krakaow,1.6,NA,Meal-Entertain,
02-04-2018 15:59,02-04-2018 16:03,Business,Krakaow,Krakaow,1.1,NA,Meal-Entertain,
02-04-2018 16:35,02-04-2018 16:39,Business,Krakaow,Krakaow,1.6,NA,Meal-Entertain,
02-04-2018 18:04,02-04-2018 18:31,Business,Whitebridge,Macgregor Downs,9,NA,Appointment,
02-04-2018 20:36,02-04-2018 20:55,Business,Krakaow,Krakaow,7.7,NA,Appointment,
02-05-2018 11:47,02-05-2018 12:07,Business,Krakaow,Durham,10.4,NA,Appointment,
02-05-2018 13:22,02-05-2018 13:41,Business,Durham,Krakaow,10.4,NA,Appointment,
02-06-2018 16:20,02-06-2018 16:53,Business,Krakaow,Tessenowstreet,11.4,NA,Between Offices,
02-06-2018 18:57,02-06-2018 19:21,Business,Tessenowstreet,Krakaow,9,NA,Errand-Supplies,
02-06-2018 19:28,02-06-2018 19:37,Business,Hasselbachplatz,Whitebridge,3.2,NA,Meal-Entertain,
02-07-2018 16:49,02-07-2018 17:01,Business,Krakaow,Apex,5.6,NA,Errand-Supplies,
02-07-2018 18:03,02-07-2018 18:17,Business,Apex,Krakaow,5.7,NA,Customer Visit,
02-07-2018 18:39,02-07-2018 18:53,Outstation,Krakaow,Morrisville,6.1,NA,Temporary Site,
02-07-2018 20:22,02-07-2018 20:40,Outstation,Morrisville,Krakaow,6.1,NA,Appointment,
02-08-2018 12:57,02-08-2018 13:08,Outstation,Whitebridge,Hasselbachplatz,4.3,NA,Meal-Entertain,
02-08-2018 14:00,02-08-2018 14:10,Outstation,Hasselbachplatz,Whitebridge,2.7,NA,Meal-Entertain,
02-09-2018 10:54,02-09-2018 11:07,Outstation,Whitebridge,Northwoods,5.3,NA,NA,
02-09-2018 11:43,02-09-2018 11:50,Outstation,Northwoods,Tanglewood,3,NA,NA,
02-09-2018 13:36,02-09-2018 13:52,Outstation,Tanglewood,Preston,5.1,NA,NA,
02-09-2018 13:58,02-09-2018 14:02,Outstation,Preston,Whitebridge,1.5,NA,NA,
02-09-2018 18:55,02-09-2018 19:11,Outstation,Krakaow,Morrisville,6.1,NA,NA,
02-09-2018 20:24,02-09-2018 20:40,Outstation,Morrisville,Krakaow,6.1,NA,Meal-Entertain,
02-11-2018 16:28,02-11-2018 17:10,Outstation,Krakaow,Tessenowstreet,17.3,NA,Meal-Entertain,
02-11-2018 17:49,02-11-2018 18:10,Outstation,Eastgate,Walnut Terrace,5.7,NA,Meal-Entertain,
02-11-2018 18:24,02-11-2018 18:46,Outstation,Tessenowstreet,Morrisville,13.5,NA,Temporary Site,
02-11-2018 20:36,02-11-2018 20:51,Business,Morrisville,Krakaow,6.1,NA,Temporary Site,
02-12-2018 08:21,02-12-2018 08:42,Business,Krakaow,Durham,8.5,NA,Temporary Site,
02-12-2018 10:45,02-12-2018 10:52,Business,Durham,Morrisville,2.6,NA,Temporary Site,
02-12-2018 11:14,02-12-2018 11:35,Business,Morrisville,Tessenowstreet,17,NA,Customer Visit,
02-12-2018 13:02,02-12-2018 13:36,Business,Tessenowstreet,Krakaow,18,NA,Appointment,
02-12-2018 14:49,02-12-2018 15:06,Business,Krakaow,Morrisville,8.4,NA,Appointment,
02-12-2018 15:33,02-12-2018 16:06,Business,Morrisville,Krakaow,11.5,NA,Customer Visit,
2-13-2018 14:21,2-13-2018 14:41,Business,Krakaow,Morrisville,8.9,NA,Appointment,
2-13-2018 23:45,2-14-2018 0:01,Personal,East Elmhurst,Jackson Heights,2.7,NA,NA,
2-14-2018 0:50,2-14-2018 1:00,Personal,Jackson Heights,East Elmhurst,1.8,NA,NA,
2-14-2018 14:07,2-14-2018 14:40,Business,East Elmhurst,New York,8.1,NA,Appointment,Yes
2-14-2018 14:46,2-14-2018 15:03,Business,Midtown,Midtown West,2,NA,Appointment,
2-14-2018 16:35,2-14-2018 17:02,Outstation,New York,Long Island City,13,NA,Appointment,
2-14-2018 17:06,2-14-2018 17:29,Business,Long Island City,Jamaica,13.9,NA,Appointment,
2-16-2018 3:21,2-16-2018 4:13,Business,Katunayaka,Arnold-Zweig,43.7,NA,Customer Visit,
2-16-2018 8:29,2-16-2018 9:34,Business,Arnold-Zweig,Colombo,14.1,NA,NA,
2-16-2018 10:31,2-16-2018 10:41,Business,Colombo,Colombo,2.6,NA,NA,
2-16-2018 11:32,2-16-2018 12:02,Business,Colombo,Colombo,4.5,4.5,NA,
2-16-2018 12:39,2-16-2018 12:42,Business,Colombo,Colombo,4.5,4.5,NA,Yes
2-16-2018 13:43,2-16-2018 13:55,Business,Colombo,Colombo,4.5,4.5,Temporary Site,Yes
2-16-2018 16:34,2-16-2018 17:10,Business,Colombo,Colombo,4.5,4.5,NA,Yes
2-16-2018 17:17,2-16-2018 17:26,Business,Colombo,Nugegoda,4.5,4.5,Meal-Entertain,Yes
2-16-2018 17:40,2-16-2018 17:44,Business,Nugegoda,Arnold-Zweig,4.5,4.5,Errand-Supplies,Yes
2-17-2018 13:18,2-17-2018 14:04,Business,Arnold-Zweig,Colombo,4.5,4.5,Temporary Site,Yes
2-17-2018 15:17,2-17-2018 15:22,Business,Colombo,Colombo,4.5,4.5,Meal-Entertain,Yes
2-17-2018 15:33,2-17-2018 16:17,Business,Colombo,Katunayaka,4.5,4.5,Temporary Site,
2-17-2018 16:38,2-17-2018 16:43,Business,Katunayaka,Katunayaka,4.5,4.5,Errand-Supplies,
2-18-2018 8:19,2-18-2018 8:27,Business,Arnold-Zweig,Arnold-Zweig,4.5,4.5,Temporary Site,
2-18-2018 14:03,2-18-2018 14:45,Business,Arnold-Zweig,Islamabad,12.7,36,Temporary Site,
2-18-2018 15:16,2-18-2018 15:31,Business,Islamabad,Arnold-Zweig,6,36,Temporary Site,
2-18-2018 18:44,2-18-2018 18:58,Business,Arnold-Zweig,Islamabad,5.2,36,Customer Visit,
2-18-2018 19:27,2-18-2018 20:08,Business,Islamabad,Arnold-Zweig,10,36,Appointment,
2-19-2018 9:02,2-19-2018 9:14,Business,Arnold-Zweig,Arnold-Zweig,18.3,36,Appointment,
2-19-2018 9:21,2-19-2018 9:51,Business,Arnold-Zweig,Arnold-Zweig,11.2,36,Appointment,
2-19-2018 10:21,2-19-2018 10:48,Business,Arnold-Zweig,Islamabad,7.6,36,Appointment,Yes
2-19-2018 11:20,2-19-2018 11:26,Personal,Islamabad,Islamabad,1.5,36,NA,Yes
2-19-2018 11:45,2-19-2018 11:50,Personal,Islamabad,Islamabad,1,36,NA,Yes
2-19-2018 12:09,2-19-2018 12:27,Business,Islamabad,Arnold-Zweig,7.3,36,Temporary Site,Yes
2-19-2018 16:26,2-19-2018 16:45,Business,Arnold-Zweig,Islamabad,3.5,36,NA,Yes
2-19-2018 17:09,2-19-2018 17:20,Business,Islamabad,Islamabad,4.2,36,NA,Yes
2-19-2018 20:08,2-19-2018 20:30,Personal,Islamabad,Arnold-Zweig,13.6,36,NA,Yes
2-19-2018 20:34,2-19-2018 20:51,Personal,Arnold-Zweig,Arnold-Zweig,2.5,36,NA,Yes
2-20-2018 7:59,2-20-2018 8:32,Personal,Arnold-Zweig,Islamabad,14.4,36,NA,Yes
2-20-2018 10:48,2-20-2018 10:56,Personal,Islamabad,Islamabad,3,36,NA,Yes
2-20-2018 11:45,2-20-2018 11:53,Personal,Islamabad,Islamabad,1.5,41.76,NA,Yes
2-20-2018 12:41,2-20-2018 13:17,Business,Islamabad,R?walpindi,18.4,41.76,NA,Yes
2-20-2018 14:50,2-20-2018 15:54,Business,R?walpindi,R?walpindi,23.1,41.76,Appointment,Yes
2-20-2018 16:59,2-20-2018 17:54,Personal,R?walpindi,Arnold-Zweig,16.5,41.76,NA,Yes
2-20-2018 18:00,2-20-2018 18:03,Business,Arnold-Zweig,Arnold-Zweig,3.2,41.76,Errand-Supplies,Yes
2-20-2018 19:28,2-20-2018 19:49,Business,Arnold-Zweig,Arnold-Zweig,7.7,41.76,Errand-Supplies,Yes
2-21-2018 9:07,2-21-2018 9:46,Business,Arnold-Zweig,Islamabad,14.5,41.76,NA,Yes
2-21-2018 11:39,2-21-2018 11:43,Business,Arnold-Zweig,Islamabad,2.4,41.76,Errand-Supplies,Yes
2-21-2018 11:47,2-21-2018 12:01,Business,Islamabad,Islamabad,4.6,41.76,Errand-Supplies,Yes
2-21-2018 12:13,2-21-2018 12:35,Business,Islamabad,Arnold-Zweig,8.8,41.76,Meal-Entertain,Yes
2-21-2018 12:51,2-21-2018 13:12,Business,Arnold-Zweig,Arnold-Zweig,8.3,41.76,Temporary Site,Yes
2-21-2018 13:33,2-21-2018 14:30,Business,Arnold-Zweig,Arnold-Zweig,22.7,41.76,Temporary Site,Yes
2-21-2018 14:36,2-21-2018 15:03,Business,Arnold-Zweig,Islamabad,13,41.76,Temporary Site,Yes
2-21-2018 15:14,2-21-2018 15:31,Business,Islamabad,Noorpur Shahan,8.1,41.76,Temporary Site,Yes
2-21-2018 15:36,2-21-2018 15:41,Business,Noorpur Shahan,Arnold-Zweig,2.2,41.76,Meal-Entertain,Yes
2-21-2018 16:04,2-21-2018 16:32,Business,Arnold-Zweig,Arnold-Zweig,9.7,41.76,NA,Yes
2-21-2018 23:15,2-21-2018 23:52,Business,Arnold-Zweig,R?walpindi,20,41.76,Appointment,Yes
2-22-2018 21:54,2-22-2018 22:09,Business,Morrisville,Krakaow,8.1,41.76,Customer Visit,Yes
2-24-2018 14:30,2-24-2018 14:35,Business,Whitebridge,Preston,1.5,41.76,NA,Yes
2-24-2018 15:19,2-24-2018 15:25,Business,Preston,Whitebridge,1.7,41.76,Errand-Supplies,Yes
2-25-2018 16:27,2-25-2018 16:35,Business,Whitebridge,Heritage Pines,3.1,23.7,Errand-Supplies,Yes
2-25-2018 16:47,2-25-2018 17:02,Business,Heritage Pines,Whitebridge,3.2,23.7,Errand-Supplies,Yes
2-25-2018 17:16,2-25-2018 17:36,Business,Whitebridge,Tanglewood,6,23.7,Meal-Entertain,Yes
2-25-2018 18:22,2-25-2018 18:39,Business,Tanglewood,Whitebridge,5.8,23.7,Meal-Entertain,Yes
2-26-2018 9:06,2-26-2018 9:29,Business,Whitebridge,Westpark Place,6.3,23.7,NA,Yes
2-26-2018 11:05,2-26-2018 11:11,Personal,Westpark Place,Whitebridge,1.7,23.7,NA,Yes
2-26-2018 11:35,2-26-2018 11:59,Business,Krakaow,Durham,10.6,23.7,Appointment,Yes
2-26-2018 13:01,2-26-2018 13:24,Business,Durham,Krakaow,9.9,23.7,Appointment,Yes
2-26-2018 14:38,2-26-2018 14:46,Personal,Whitebridge,Westpark Place,1.9,23.7,NA,Yes
2-26-2018 15:00,2-26-2018 15:18,Personal,Westpark Place,Hazelwood,4.2,23.7,NA,Yes
2-26-2018 17:01,2-26-2018 17:12,Personal,Hazelwood,Whitebridge,2,23.7,NA,Yes
2-28-2018 5:22,2-28-2018 5:38,Business,Whitebridge,Waverly Place,7.7,23.7,Appointment,Yes
2-28-2018 9:26,2-28-2018 9:42,Business,Waverly Place,Whitebridge,6.8,23.7,Appointment,Yes
2-29-2018 11:07,2-29-2018 11:14,Personal,Whitebridge,Westpark Place,2.1,23.7,NA,Yes
2-29-2018 11:30,2-29-2018 11:40,Business,Krakaow,Apex,3.8,23.7,Appointment,Yes
2-29-2018 12:36,2-29-2018 12:48,Business,Apex,Krakaow,5.6,23.7,Appointment,Yes
2-29-2018 14:55,2-29-2018 15:03,Business,Whitebridge,Hazelwood,2.6,23.7,NA,Yes
2-29-2018 16:40,2-29-2018 17:00,Business,Hazelwood,Whitebridge,6.6,23.7,Customer Visit,Yes
03-01-2018 18:47,03-01-2018 19:10,Business,Whitebridge,Wayne Ridge,8,23.7,Meal-Entertain,Yes
03-01-2018 21:27,03-01-2018 21:45,Business,Wayne Ridge,Whitebridge,8,250,Appointment,Yes
03-03-2018 09:45,03-03-2018 09:52,Personal,Whitebridge,Westpark Place,2.2,250,NA,Yes
03-03-2018 11:04,03-03-2018 11:10,Business,Westpark Place,Whitebridge,2.3,250,Errand-Supplies,Yes
03-03-2018 14:44,03-03-2018 14:58,Business,Whitebridge,Northwoods,5.2,250,Meal-Entertain,Yes
03-03-2018 15:27,03-03-2018 15:48,Business,Krakaow,Tessenowstreet,7.6,250,Customer Visit,Yes
03-03-2018 16:02,03-03-2018 16:42,Business,Tessenowstreet,Krakaow,17.3,250,Appointment,Yes
03-04-2018 07:47,03-04-2018 08:06,Business,Krakaow,Durham,9.9,250,Appointment,Yes
03-04-2018 09:46,03-04-2018 10:03,Business,Durham,Krakaow,9.9,250,Customer Visit,Yes
03-04-2018 11:46,03-04-2018 12:06,Business,Krakaow,Durham,10.4,250,Appointment,Yes
03-04-2018 13:03,03-04-2018 13:25,Business,Durham,Krakaow,10.9,250,Appointment,Yes
03-04-2018 13:40,03-04-2018 14:09,Business,Krakaow,Tessenowstreet,15.7,250,Customer Visit,Yes
03-04-2018 15:56,03-04-2018 16:08,Business,Tessenowstreet,Tessenowstreet,4.9,250,Meal-Entertain,Yes
03-04-2018 16:16,03-04-2018 16:22,Business,Fayetteville Street,Depot Historic District,0.8,250,Errand-Supplies,Yes
03-04-2018 16:43,03-04-2018 17:12,Business,Tessenowstreet,Krakaow,13.5,250,Appointment,Yes
03-04-2018 19:02,03-04-2018 19:08,Business,Krakaow,Morrisville,1.9,250,Temporary Site,Yes
03-04-2018 19:16,03-04-2018 19:25,Business,Morrisville,Krakaow,2,250,Meal-Entertain,Yes
03-05-2018 11:44,03-05-2018 11:59,Business,Krakaow,Morrisville,6.5,250,Meal-Entertain,Yes
03-05-2018 12:57,03-05-2018 13:12,Personal,Weston,Weston,4.2,250,,Yes
03-05-2018 14:08,03-05-2018 14:18,Personal,Morrisville,Krakaow,3.5,250,,Yes
03-05-2018 14:39,03-05-2018 15:01,Business,Whitebridge,Wayne Ridge,7.8,250,Meal-Entertain,Yes
03-05-2018 16:52,03-05-2018 17:13,Business,Krakaow,Morrisville,7.8,250,Meal-Entertain,Yes
03-05-2018 17:23,03-05-2018 17:34,Business,Morrisville,Krakaow,3.9,250,Meal-Entertain,Yes
03-07-2018 09:10,03-07-2018 09:20,Business,Whitebridge,Hasselbachplatz,2.8,250,Errand-Supplies,Yes
03-07-2018 09:23,03-07-2018 09:47,Business,Krakaow,Tessenowstreet,12.4,250,Customer Visit,Yes
03-07-2018 12:10,03-07-2018 12:26,Business,Fayetteville Street,Meredith Townes,5.9,250,Customer Visit,Yes
03-07-2018 13:57,03-07-2018 14:18,Business,Meredith Townes,Leesville Hollow,9.4,250,Appointment,Yes
03-07-2018 15:19,03-07-2018 15:45,Business,Tessenowstreet,Krakaow,11.9,250,Between Offices,Yes
03-08-2018 14:38,03-08-2018 14:55,Business,Whitebridge,Waverly Place,7.2,250,Between Offices,Yes
03-08-2018 15:35,03-08-2018 16:00,Business,Waverly Place,Whitebridge,7.6,250,Meal-Entertain,Yes
03-08-2018 16:13,03-08-2018 16:25,Personal,Whitebridge,Whitebridge,1.6,250,,Yes
03-10-2018 03:36,03-10-2018 03:53,Business,Krakaow,Morrisville,8.4,250,Appointment,Yes
03-10-2018 10:08,03-10-2018 10:37,Business,East Austin,West University,12.8,250,Appointment,Yes
03-10-2018 14:39,03-10-2018 14:55,Business,West University,South Congress,2.3,250,,Yes
03-10-2018 16:18,03-10-2018 16:28,Business,South Congress,Arts District,1.6,250,,Yes
03-11-2018 09:47,03-11-2018 09:59,Business,The Drag,Congress Ave District,2,250,Meal-Entertain,Yes
03-11-2018 10:29,03-11-2018 10:36,Business,Congress Ave District,Downtown,0.8,250,,Yes
03-11-2018 11:57,03-11-2018 12:04,Business,Downtown,Red River District,1.2,250,,Yes
03-11-2018 13:43,03-11-2018 13:51,Business,Red River District,Downtown,1,250,,Yes
03-11-2018 19:21,03-11-2018 19:35,Business,South Congress,The Drag,2.1,250,,Yes
03-12-2018 09:13,03-12-2018 09:22,Business,The Drag,South Congress,2.2,250,,Yes
03-12-2018 18:27,03-12-2018 18:37,Personal,South Congress,The Drag,1.9,250,,Yes
3-13-2018 9:07,3-13-2018 9:37,Business,The Drag,Convention Center District,5.7,2053,Meal-Entertain,Yes
3-13-2018 18:23,3-13-2018 18:43,Business,South Congress,North Austin,8.4,2053,Meal-Entertain,Yes
3-13-2018 20:07,3-13-2018 20:28,Business,Georgian Acres,The Drag,6.2,2053,Meal-Entertain,Yes
3-13-2018 20:39,3-13-2018 20:58,Business,The Drag,North Austin,10.5,2053,Meal-Entertain,Yes
3-13-2018 21:11,3-13-2018 21:23,Business,North Austin,Coxville,7.2,2053,Meal-Entertain,Yes
3-13-2018 22:19,3-13-2018 22:39,Business,Coxville,The Drag,12.5,2053,,Yes
3-14-2018 8:34,3-14-2018 8:49,Business,The Drag,South Congress,2,2053,Errand-Supplies,Yes
3-14-2018 18:39,3-14-2018 18:55,Business,South Congress,The Drag,2.7,2053,,Yes
3-15-2018 8:45,3-15-2018 8:57,Business,The Drag,Convention Center District,2,2053,Meal-Entertain,Yes
3-15-2018 20:48,3-15-2018 21:01,Business,Downtown,The Drag,2.8,2053,Meal-Entertain,Yes
3-16-2018 11:34,3-16-2018 11:45,Business,The Drag,Congress Ave District,1.7,2053,Meal-Entertain,Yes
3-16-2018 14:44,3-16-2018 14:55,Business,Convention Center District,West University,2,2053,,Yes
3-16-2018 18:43,3-16-2018 18:56,Business,West University,Congress Ave District,2.1,2053,Meal-Entertain,Yes
3-17-2018 0:33,3-17-2018 0:44,Personal,Downtown,The Drag,1.7,2053,,Yes
3-17-2018 12:52,3-17-2018 15:11,Business,Austin,Katy,136,2053,Customer Visit,Yes
3-17-2018 15:16,3-17-2018 15:58,Business,Katy,Houston,30.2,2053,Appointment,Yes
3-17-2018 17:20,3-17-2018 18:02,Business,Midtown,Alief,15.5,2053,Meal-Entertain,Yes
3-17-2018 18:47,3-17-2018 19:09,Personal,Houston,Houston,4.9,2053,,Yes
3-17-2018 20:57,3-17-2018 21:28,Personal,Houston,Houston,12.6,2053,,Yes
3-17-2018 21:48,3-17-2018 22:04,Personal,Sharpstown,Midtown,10.4,2053,,Yes
3-18-2018 7:15,3-18-2018 7:21,Business,Midtown,Midtown,1.1,2053,Meal-Entertain,Yes
3-18-2018 8:35,3-18-2018 8:43,Business,Midtown,Midtown,1.1,2053,Meal-Entertain,Yes
3-18-2018 18:24,3-18-2018 19:08,Business,Midtown,Sharpstown,13.2,2053,Appointment,Yes
3-18-2018 19:23,3-18-2018 19:29,Business,Sharpstown,Sharpstown,1,2053,Errand-Supplies,Yes
3-18-2018 21:01,3-18-2018 21:15,Business,Sharpstown,Midtown,9.2,2053,Customer Visit,Yes
3-19-2018 9:10,3-19-2018 9:25,Business,Midtown,Sharpstown,9.4,2053,Meal-Entertain,Yes
3-19-2018 12:50,3-19-2018 13:13,Business,Houston,Sugar Land,12,2053,Customer Visit,Yes
3-19-2018 14:01,3-19-2018 14:57,Business,Sugar Land,Houston,35.1,2053,Customer Visit,Yes
3-19-2018 15:34,3-19-2018 16:38,Business,Houston,Galveston,36.5,2053,Meal-Entertain,Yes
3-19-2018 17:17,3-19-2018 17:32,Business,Galveston,Port Bolivar,3.1,2053,Meal-Entertain,Yes
3-19-2018 17:37,3-19-2018 17:47,Business,Port Bolivar,Port Bolivar,2.1,2053,Errand-Supplies,Yes
3-19-2018 17:52,3-19-2018 18:00,Business,Port Bolivar,Port Bolivar,1.2,2053,,Yes
3-19-2018 18:53,3-19-2018 19:29,Business,Port Bolivar,Galveston,7.5,2053,Appointment,Yes
3-19-2018 19:33,3-19-2018 20:39,Business,Galveston,Houston,57,2053,Customer Visit,Yes
3-20-2018 7:37,3-20-2018 7:48,Business,Midtown,Washington Avenue,5.9,2053,Appointment,Yes
3-20-2018 11:42,3-20-2018 11:56,Business,Washington Avenue,Midtown,6.2,2053,Appointment,Yes
3-20-2018 17:08,3-20-2018 17:34,Business,Midtown,Sharpstown,10.4,2053,,Yes
3-20-2018 18:34,3-20-2018 18:40,Personal,Sharpstown,Briar Meadow,1.2,2053,,Yes
3-20-2018 18:45,3-20-2018 19:06,Business,Briar Meadow,Midtown,9.6,2053,Customer Visit,Yes
3-21-2018 10:21,3-21-2018 10:26,Personal,Midtown,Downtown,1,2053,,Yes
3-21-2018 16:05,3-21-2018 16:13,Business,Downtown,Midtown,0.9,2053,Meal-Entertain,Yes
3-21-2018 18:59,3-21-2018 19:15,Business,Midtown,Sharpstown,8.8,2053,,Yes
3-21-2018 20:18,3-21-2018 20:55,Business,Sharpstown,Midtown,25.6,2053,Meal-Entertain,Yes
3-22-2018 6:17,3-22-2018 6:43,Business,Midtown,Greater Greenspoint,23,2053,Meal-Entertain,Yes
3-22-2018 12:06,3-22-2018 12:24,Personal,Morrisville,Krakaow,8.1,2053,,Yes
3-22-2018 19:12,3-22-2018 19:25,Personal,Whitebridge,Whitebridge,1.4,2053,,Yes
3-23-2018 14:37,3-23-2018 14:42,Personal,Whitebridge,Preston,1.7,2053,,Yes
3-23-2018 14:53,3-23-2018 14:59,Personal,Preston,Whitebridge,1.6,2053,,Yes
3-24-2018 19:47,3-24-2018 19:54,Personal,Whitebridge,Westpark Place,2,2053,,Yes
3-24-2018 20:34,3-24-2018 20:40,Business,Westpark Place,Whitebridge,2.2,2053,,Yes
3-25-2018 13:24,3-25-2018 16:22,Business,Krakaow,Latta,144,2053,Customer Visit,Yes
3-25-2018 16:52,3-25-2018 22:22,Business,Latta,Jacksonville,310.3,2053,Customer Visit,Yes
3-25-2018 22:54,3-26-2018 1:39,Business,Jacksonville,Kissimmee,201,2053,Appointment,Yes
3-26-2018 14:05,3-26-2018 14:29,Personal,Couples Glen,Isles of Buena Vista,6.7,2053,,Yes
3-26-2018 15:19,3-26-2018 15:49,Personal,Kissimmee,Orlando,8.8,2053,,Yes
3-26-2018 16:26,3-26-2018 16:30,Personal,Lake Reams,Lake Reams,1.2,2053,,Yes
3-27-2018 0:31,3-27-2018 0:40,Business,Lake Reams,Lake Reams,2.1,2053,Errand-Supplies,Yes
3-27-2018 1:11,3-27-2018 1:23,Business,Orlando,Kissimmee,6.6,2053,Meal-Entertain,Yes
3-27-2018 15:31,3-27-2018 15:56,Business,Kissimmee,Orlando,6.1,2053,Customer Visit,Yes
3-27-2018 21:26,3-27-2018 21:41,Personal,Orlando,Orlando,6.9,2053,,Yes
3-27-2018 23:04,3-27-2018 23:18,Personal,Orlando,Kissimmee,7.3,2053,,Yes
3-28-2018 12:29,3-28-2018 12:42,Personal,Kissimmee,Orlando,3.6,2053,,Yes
3-28-2018 19:30,3-28-2018 20:23,Personal,Couples Glen,Vista East,27.2,2053,,Yes
3-28-2018 22:55,3-28-2018 23:26,Personal,Orlando,Kissimmee,25.7,2053,,Yes
3-29-2018 15:27,3-29-2018 16:11,Personal,Kissimmee,Orlando,13.6,2053,,Yes
3-29-2018 18:20,3-29-2018 18:39,Personal,Sand Lake Commons,Sky Lake,6.2,2053,,Yes
3-29-2018 20:29,3-29-2018 20:44,Personal,Sky Lake,Sand Lake Commons,6,2053,,Yes
3-29-2018 23:04,3-29-2018 23:21,Personal,Orlando,Kissimmee,13.8,2053,,Yes
3-30-2018 22:05,3-30-2018 22:55,Business,Orlando,Kissimmee,28.8,2053,Meal-Entertain,Yes
3-31-2018 12:47,3-31-2018 13:22,Business,Kissimmee,Orlando,16.1,2053,Temporary Site,Yes
3-31-2018 14:37,3-31-2018 15:09,Business,Orlando,Kissimmee,16.4,2053,Meal-Entertain,Yes
04-01-2018 13:43,04-01-2018 14:01,Business,Kissimmee,Kissimmee,11,250,Appointment,Yes
04-01-2018 14:36,04-01-2018 15:24,Business,Kissimmee,Orlando,15.5,250,Customer Visit,Yes
04-01-2018 16:01,04-01-2018 16:49,Business,Orlando,Kissimmee,20.3,250,Appointment,Yes
04-01-2018 16:52,04-01-2018 16:57,Personal,Kissimmee,Kissimmee,0.7,250,,Yes
04-02-2018 08:48,04-02-2018 09:04,Personal,Kissimmee,Kissimmee,5.5,250,,Yes
04-02-2018 11:01,04-02-2018 11:16,Personal,Kissimmee,Kissimmee,5.1,250,,Yes
04-02-2018 12:21,04-02-2018 14:47,Business,Kissimmee,Daytona Beach,77.3,250,Customer Visit,Yes
04-02-2018 16:57,04-02-2018 18:09,Business,Daytona Beach,Jacksonville,80.5,250,Customer Visit,Yes
04-02-2018 19:38,04-02-2018 22:36,Business,Jacksonville,Ridgeland,174.2,250,Customer Visit,Yes
04-02-2018 23:11,04-03-2018 01:34,Business,Ridgeland,Florence,144,250,Appointment,Yes
04-03-2018 02:00,04-03-2018 04:16,Business,Florence,Krakaow,159.3,250,Appointment,Yes
04-05-2018 21:39,04-05-2018 21:55,Business,Whitebridge,Wayne Ridge,7.9,250,Meal-Entertain,Yes
04-06-2018 00:19,04-06-2018 00:39,Business,Wayne Ridge,Whitebridge,8,250,Meal-Entertain,Yes
04-07-2018 18:20,04-07-2018 18:39,Business,Krakaow,Morrisville,6.1,250,Meal-Entertain,Yes
04-07-2018 19:45,04-07-2018 20:00,Business,Morrisville,Krakaow,6.1,250,Errand-Supplies,Yes
04-08-2018 12:30,04-08-2018 12:48,Business,Krakaow,Durham,10.5,250,Appointment,Yes
04-08-2018 13:34,04-08-2018 13:51,Business,Durham,Krakaow,8.7,250,Meal-Entertain,Yes
04-08-2018 13:55,04-08-2018 14:03,Business,Westpark Place,Whitebridge,1.8,250,Errand-Supplies,Yes
04-08-2018 14:43,04-08-2018 15:20,Business,Krakaow,Tessenowstreet,19.1,250,Appointment,Yes
04-08-2018 16:05,04-08-2018 16:47,Business,Tessenowstreet,Krakaow,18.6,250,Appointment,Yes
04-12-2018 09:15,04-12-2018 09:26,Business,Whitebridge,Hasselbachplatz,2.8,250,Errand-Supplies,Yes
04-12-2018 09:34,04-12-2018 09:53,Business,Krakaow,Tessenowstreet,8.9,250,Appointment,Yes
04-12-2018 10:58,04-12-2018 11:18,Business,Meredith,Cedar Hill,7.5,250,Customer Visit,Yes
04-12-2018 12:22,04-12-2018 12:44,Business,Tessenowstreet,Morrisville,15.9,250,Appointment,Yes
04-12-2018 13:42,04-12-2018 14:01,Business,Morrisville,Krakaow,6.5,250,Meal-Entertain,Yes
4-14-2018 7:29,4-14-2018 8:09,Business,Krakaow,Holly Springs,15.3,2054,Temporary Site,Yes
4-14-2018 16:00,4-14-2018 16:43,Business,Holly Springs,Krakaow,13.7,2054,Temporary Site,Yes
4-15-2018 11:36,4-15-2018 12:07,Business,Krakaow,Tessenowstreet,11.9,2054,Temporary Site,Yes
4-15-2018 12:29,4-15-2018 12:32,Business,Meredith Townes,Harden Place,1.4,2054,Errand-Supplies,Yes
4-15-2018 14:31,4-15-2018 15:01,Business,Tessenowstreet,Krakaow,15.2,2054,Appointment,Yes
4-16-2018 12:59,4-16-2018 13:17,Business,Krakaow,Morrisville,6,2054,Errand-Supplies,Yes
4-16-2018 15:10,4-16-2018 15:26,Business,Morrisville,Krakaow,6.1,2054,Meal-Entertain,Yes
4-19-2018 17:44,4-19-2018 18:08,Business,Whitebridge,Wayne Ridge,8.2,2054,Meal-Entertain,Yes
4-19-2018 19:57,4-19-2018 20:19,Business,Wayne Ridge,Whitebridge,8,2054,Meal-Entertain,Yes
4-22-2018 8:25,4-22-2018 9:04,Business,Krakaow,Tessenowstreet,13.6,2054,Appointment,Yes
4-22-2018 10:10,4-22-2018 23:59,Business,Tessenowstreet,Krakaow,22.5,2054,Appointment,Yes
4-22-2018 12:08,4-22-2018 12:28,Business,Krakaow,Durham,10.4,2054,Appointment,Yes
4-22-2018 13:02,4-22-2018 13:26,Business,Durham,Krakaow,10,2054,Appointment,Yes
4-23-2018 17:03,4-23-2018 17:16,Business,Whitebridge,Tanglewood,6,2054,Meal-Entertain,Yes
4-23-2018 18:49,4-23-2018 19:05,Business,Tanglewood,Whitebridge,6.5,2054,Meal-Entertain,Yes
4-24-2018 19:07,4-24-2018 19:16,Business,Krakaow,Morrisville,3.1,2054,Errand-Supplies,Yes
4-24-2018 19:46,4-24-2018 19:52,Business,Chessington,Chessington,1.9,2054,Errand-Supplies,Yes
4-24-2018 21:41,4-24-2018 21:50,Business,Morrisville,Krakaow,4.2,2054,Between Offices,Yes
4-27-2018 13:30,4-27-2018 13:40,Business,Whitebridge,Burtrose,4.9,2054,Between Offices,Yes
4-27-2018 14:13,4-27-2018 14:25,Business,Burtrose,Whitebridge,4.8,2054,Between Offices,Yes
4-28-2018 12:09,4-28-2018 12:34,Business,Krakaow,Tessenowstreet,12.4,2054,Customer Visit,Yes
4-28-2018 13:30,4-28-2018 13:49,Business,Tessenowstreet,Krakaow,32.8,2054,Customer Visit,Yes
4-28-2018 22:10,4-28-2018 22:28,Business,Morrisville,Krakaow,5.5,2054,Customer Visit,Yes
4-29-2018 11:44,4-29-2018 12:01,Business,Krakaow,Durham,9.9,2054,Appointment,Yes
4-29-2018 13:13,4-29-2018 13:34,Business,Durham,Krakaow,10,2054,Appointment,Yes
4-29-2018 18:46,4-29-2018 19:18,Business,Krakaow,Durham,14.2,2054,Customer Visit,Yes
4-29-2018 22:44,4-29-2018 23:19,Business,Durham,Krakaow,18.2,2054,Appointment,Yes
4-30-2018 18:42,4-30-2018 18:57,Business,Whitebridge,Waverly Place,7.7,2054,Meal-Entertain,Yes
4-30-2018 22:16,4-30-2018 22:34,Business,Waverly Place,Whitebridge,6.8,2054,,Yes
05-01-2018 13:45,05-01-2018 13:53,Business,Whitebridge,Westpark Place,2.1,250,Meal-Entertain,Yes
05-01-2018 14:26,05-01-2018 14:31,Business,Westpark Place,Whitebridge,2.3,250,,Yes
05-01-2018 17:33,05-01-2018 17:45,Business,Whitebridge,Tanglewood,6.2,250,Between Offices,Yes
05-01-2018 17:54,05-01-2018 18:10,Business,Tanglewood,Parkway,7.5,250,Appointment,Yes
05-01-2018 22:38,05-01-2018 22:49,Business,Parkway,Whitebridge,3.1,250,Errand-Supplies,Yes
05-02-2018 14:14,05-02-2018 14:21,Business,Whitebridge,Westpark Place,2.2,250,Errand-Supplies,Yes
05-02-2018 15:37,05-02-2018 15:48,Business,Westpark Place,Whitebridge,3.9,250,Meal-Entertain,Yes
05-03-2018 22:20,05-03-2018 22:28,Business,Morrisville,Krakaow,2.5,250,Meal-Entertain,Yes
05-04-2018 15:16,05-04-2018 15:37,Business,Krakaow,Morrisville,8.7,250,Meal-Entertain,Yes
05-04-2018 20:55,05-04-2018 21:14,Business,Mcvan,Capitol One,14.5,250,Errand-Supplies,Yes
05-04-2018 21:30,05-04-2018 21:36,Business,Capitol One,University District,4.5,250,Meal-Entertain,Yes
05-04-2018 22:19,05-04-2018 22:27,Business,University District,Capitol One,5,250,Meal-Entertain,Yes
05-05-2018 21:24,05-05-2018 21:36,Business,Seattle,Redmond,14.2,250,Meal-Entertain,Yes
05-05-2018 22:34,05-05-2018 22:40,Business,Redmond,Bellevue,2.9,250,Errand-Supplies,Yes
05-05-2018 23:55,05-06-2018 00:08,Business,Bellevue,Seattle,12.9,250,Appointment,Yes
05-06-2018 05:47,05-06-2018 06:02,Business,Capitol One,Mcvan,14.4,250,Appointment,Yes
05-06-2018 16:45,05-06-2018 16:59,Business,Chapel Hill,Morrisville,17,250,Appointment,Yes
05-06-2018 17:18,05-06-2018 17:44,Business,Morrisville,Krakaow,7.9,250,Customer Visit,Yes
05-09-2018 06:08,05-09-2018 06:25,Business,Krakaow,Morrisville,8.4,250,Customer Visit,Yes
05-09-2018 14:39,05-09-2018 15:06,Business,San Francisco,Palo Alto,20.5,250,Between Offices,Yes
05-09-2018 17:58,05-09-2018 18:26,Business,Palo Alto,Sunnyvale,9.8,250,Customer Visit,Yes
05-09-2018 19:35,05-09-2018 19:59,Business,Sunnyvale,Newark,17.6,250,Customer Visit,Yes
05-10-2018 09:03,05-10-2018 09:20,Business,Newark,Menlo Park,9.3,250,Customer Visit,Yes
05-10-2018 17:19,05-10-2018 17:31,Business,Menlo Park,Newark,7.9,250,Customer Visit,Yes
05-11-2018 08:35,05-11-2018 09:12,Business,Newark,San Francisco,25.6,250,Appointment,Yes
05-11-2018 21:47,05-11-2018 22:04,Business,Morrisville,Krakaow,8.1,250,Appointment,Yes
5-14-2018 18:35,5-14-2018 18:39,Business,Krakaow,Morrisville,3.1,2055,Meal-Entertain,Yes
5-14-2018 23:01,5-14-2018 23:05,Business,Morrisville,Krakaow,3.1,2055,Meal-Entertain,Yes
5-17-2018 13:15,5-17-2018 13:23,Business,Whitebridge,Preston,2.8,2055,Errand-Supplies,Yes
5-17-2018 13:56,5-17-2018 14:08,Business,Preston,Westpark Place,2.7,2055,Errand-Supplies,Yes
5-17-2018 14:34,5-17-2018 14:40,Business,Westpark Place,Whitebridge,1.9,2055,Errand-Supplies,Yes
5-18-2018 9:11,5-18-2018 9:41,Business,Krakaow,Morrisville,8.4,2055,Customer Visit,Yes
5-18-2018 13:00,5-18-2018 13:02,Business,Morrisville,Tessenowstreet,7.6,2055,Customer Visit,Yes
5-19-2018 14:37,5-19-2018 15:01,Business,Old City,Parkway Museums,2.9,2055,Meal-Entertain,Yes
5-20-2018 10:56,5-20-2018 11:07,Business,Old City,Hog Island,11.2,2055,Appointment,Yes
5-20-2018 15:43,5-20-2018 16:12,Business,Morrisville,Krakaow,8.2,2055,Meal-Entertain,Yes
5-22-2018 15:39,5-22-2018 15:46,Business,Krakaow,Morrisville,3,2055,Meal-Entertain,Yes
5-22-2018 18:46,5-22-2018 18:53,Business,Morrisville,Krakaow,2.5,2055,Meal-Entertain,Yes
5-23-2018 20:19,5-23-2018 20:27,Business,Whitebridge,Savon Height,3.6,2055,Meal-Entertain,Yes
5-23-2018 21:09,5-23-2018 21:21,Business,Savon Height,Whitebridge,3.6,2055,Errand-Supplies,Yes
5-27-2018 20:26,5-27-2018 20:30,Business,Whitebridge,Kildaire Farms,4.5,2055,Errand-Supplies,Yes
5-27-2018 20:47,5-27-2018 20:53,Business,Savon Height,Kilarney Woods,1.2,2055,,Yes
5-27-2018 22:11,5-27-2018 22:14,Business,Kilarney Woods,Kildaire Farms,1.7,2055,Errand-Supplies,Yes
5-28-2018 0:15,5-28-2018 0:21,Business,Kilarney Woods,Whitebridge,4.7,2055,Errand-Supplies,Yes
5-28-2018 12:52,5-28-2018 13:06,Business,Krakaow,Morrisville,6.1,2055,Meal-Entertain,Yes
5-28-2018 14:35,5-28-2018 15:04,Business,Morrisville,Krakaow,11.3,2055,Customer Visit,Yes
5-31-2018 13:54,5-31-2018 14:41,Business,Krakaow,Tessenowstreet,14.9,2055,Appointment,Yes
5-31-2018 16:02,5-31-2018 16:39,Business,Tessenowstreet,Krakaow,14,2055,Appointment,Yes
5-31-2018 17:50,5-31-2018 17:59,Business,Westpark Place,Whitebridge,1.8,2055,,Yes
06-01-2018 10:19,06-01-2018 10:47,Business,Krakaow,Morrisville,6.7,250,Customer Visit,Yes
06-01-2018 13:10,06-01-2018 13:39,Business,Morrisville,Krakaow,9.6,250,Appointment,Yes
06-03-2018 11:29,06-03-2018 11:49,Business,Krakaow,Durham,10.4,250,Appointment,Yes
06-03-2018 13:08,06-03-2018 13:38,Business,Durham,Krakaow,9.9,250,Appointment,Yes
06-03-2018 15:31,06-03-2018 15:54,Business,Krakaow,Morrisville,6,250,Meal-Entertain,Yes
06-03-2018 18:14,06-03-2018 18:29,Business,Townes at Everett Crossing,Chessington,3.3,250,Errand-Supplies,Yes
06-03-2018 18:41,06-03-2018 18:53,Business,Morrisville,Krakaow,3.1,250,Errand-Supplies,Yes
06-03-2018 19:36,06-03-2018 19:42,Business,Huntington Woods,Weston,1.7,250,Errand-Supplies,Yes
06-03-2018 22:47,06-03-2018 23:06,Business,Morrisville,Krakaow,4,250,Between Offices,Yes
06-05-2018 14:03,06-05-2018 14:33,Business,Whitebridge,Savon Height,7.8,250,Customer Visit,Yes
06-05-2018 15:06,06-05-2018 15:22,Business,Krakaow,Morrisville,7.8,250,Customer Visit,Yes
06-05-2018 15:57,06-05-2018 16:08,Business,Weston,Weston,3.8,250,Meal-Entertain,Yes
06-05-2018 18:05,06-05-2018 18:14,Business,Morrisville,Krakaow,2.5,250,Meal-Entertain,Yes
06-05-2018 21:53,06-05-2018 22:05,Business,Krakaow,Durham,9.9,250,Appointment,Yes
06-05-2018 23:52,06-06-2018 00:08,Business,Durham,Krakaow,9.9,250,Appointment,Yes
06-06-2018 15:36,06-06-2018 15:45,Business,Whitebridge,Hazelwood,3,250,Errand-Supplies,Yes
06-06-2018 16:16,06-06-2018 16:24,Business,Hazelwood,Whitebridge,2.4,250,Errand-Supplies,Yes
06-06-2018 20:06,06-06-2018 20:20,Business,Krakaow,Apex,5.7,250,Meal-Entertain,Yes
06-06-2018 21:08,06-06-2018 21:37,Business,Apex,Krakaow,7.2,250,Meal-Entertain,Yes
06-06-2018 21:41,06-06-2018 22:00,Business,Krakaow,Durham,10.4,250,Appointment,Yes
06-06-2018 23:34,06-06-2018 23:48,Business,Durham,Krakaow,9.9,250,Appointment,Yes
06-07-2018 21:42,06-07-2018 22:00,Business,Krakaow,Durham,10.4,250,Appointment,Yes
06-07-2018 23:41,06-08-2018 00:04,Business,Durham,Krakaow,9.9,250,Appointment,Yes
06-08-2018 08:23,06-08-2018 08:53,Business,Krakaow,Morrisville,8.7,250,Meal-Entertain,Yes
06-08-2018 12:04,06-08-2018 13:01,Business,Jamaica,New York,22.3,250,Errand-Supplies,Yes
06-08-2018 13:12,06-08-2018 13:29,Business,Seaport,Gramercy-Flatiron,3.3,250,Meal-Entertain,Yes
06-08-2018 14:31,06-08-2018 14:37,Business,Medical Centre,Tudor City,0.7,250,Errand-Supplies,Yes
06-08-2018 16:55,06-08-2018 17:11,Business,Rose Hill,Soho,2.5,250,Meal-Entertain,Yes
06-08-2018 17:16,06-08-2018 17:18,Business,Soho,Tribeca,0.5,250,Errand-Supplies,Yes
06-08-2018 17:59,06-08-2018 18:05,Business,Tribeca,Financial District,0.9,250,Errand-Supplies,Yes
06-08-2018 20:11,06-08-2018 20:25,Business,Financial District,Kips Bay,4.8,250,Errand-Supplies,Yes
06-10-2018 15:19,06-10-2018 16:28,Business,New York,Jamaica,16.3,250,Appointment,Yes
06-10-2018 21:47,06-10-2018 22:04,Business,Krakaow,Durham,10.4,250,Appointment,Yes
06-10-2018 23:53,06-11-2018 00:01,Business,Durham,Krakaow,9.9,250,Appointment,Yes
06-11-2018 17:08,06-11-2018 17:16,Business,Krakaow,Morrisville,3.7,250,Errand-Supplies,Yes
06-11-2018 17:34,06-11-2018 17:39,Business,Morrisville,Krakaow,4.6,250,Meal-Entertain,Yes
06-11-2018 17:50,06-11-2018 17:56,Business,Westpark Place,Whitebridge,1.7,250,,Yes
06-11-2018 21:45,06-11-2018 22:04,Business,Krakaow,Durham,10.4,250,Appointment,Yes
06-11-2018 23:39,06-12-2018 00:05,Business,Durham,Krakaow,9.9,250,Appointment,Yes
06-12-2018 19:53,06-12-2018 19:56,Business,Krakaow,Morrisville,2.5,250,Meal-Entertain,Yes
06-12-2018 20:05,06-12-2018 20:16,Business,Morrisville,Krakaow,4.3,250,Errand-Supplies,Yes
06-12-2018 21:58,06-12-2018 22:19,Business,Parkway,Whitebridge,2.8,250,Errand-Supplies,Yes
6-13-2018 5:23,6-13-2018 5:42,Business,Krakaow,Morrisville,8.4,2056,Meal-Entertain,Yes
6-13-2018 14:17,6-13-2018 14:46,Business,Oakland,Emeryville,13.2,2056,Appointment,Yes
6-13-2018 18:08,6-13-2018 18:47,Business,Emeryville,Berkeley,3.9,2056,Meal-Entertain,Yes
6-13-2018 18:54,6-13-2018 19:23,Business,Berkeley,Oakland,5.1,2056,Meal-Entertain,Yes
6-13-2018 20:00,6-13-2018 20:05,Business,Oakland,Arnold-Zweig,5.2,2056,Customer Visit,Yes
6-14-2018 12:03,6-14-2018 12:21,Business,Emeryville,San Francisco,9.8,2056,,Yes
6-14-2018 16:09,6-14-2018 16:39,Business,San Francisco,Emeryville,11.6,2056,Appointment,Yes
6-14-2018 17:15,6-14-2018 17:24,Business,Emeryville,Oakland,5.1,2056,Appointment,Yes
6-14-2018 17:27,6-14-2018 17:57,Business,Downtown,Bay Farm Island,9.3,2056,Errand-Supplies,Yes
6-15-2018 1:46,6-15-2018 2:06,Business,Kenner,New Orleans,12.4,2056,Between Offices,Yes
6-15-2018 15:26,6-15-2018 15:34,Business,CBD,Lower Garden District,1.9,2056,Between Offices,Yes
6-15-2018 16:37,6-15-2018 17:02,Business,Lower Garden District,Lakeview,6.4,2056,Customer Visit,Yes
6-15-2018 17:29,6-15-2018 17:49,Personal,Lakeview,Storyville,5.5,2056,,Yes
6-15-2018 19:52,6-15-2018 19:58,Business,Storyville,Faubourg Marigny,1.5,2056,Meal-Entertain,Yes
6-16-2018 13:36,6-16-2018 14:30,Business,New Orleans,Metairie,14.5,2056,,Yes
6-16-2018 14:42,6-16-2018 14:46,Business,Metairie,Kenner,2.7,2056,,Yes
6-16-2018 15:17,6-16-2018 15:41,Business,Kenner,New Orleans,15,2056,,Yes
6-16-2018 19:39,6-16-2018 19:56,Business,New Orleans,Kenner,12.9,2056,,Yes
6-16-2018 21:43,6-16-2018 21:56,Business,Kenner,New Orleans,13.6,2056,,Yes
6-17-2018 16:11,6-17-2018 16:44,Business,New Orleans,Kenner,12.2,2056,,Yes
6-18-2018 0:29,6-18-2018 0:51,Business,Morrisville,Krakaow,8.7,2056,,Yes
6-19-2018 2:39,6-19-2018 2:50,Business,Krakaow,Tessenowstreet,6,2056,,Yes
6-19-2018 5:51,6-19-2018 6:00,Business,Tessenowstreet,Krakaow,5.9,2056,,Yes
6-21-2018 15:39,6-21-2018 16:08,Business,Krakaow,Tessenowstreet,19.3,2056,,Yes
6-21-2018 17:11,6-21-2018 18:02,Business,Tessenowstreet,Krakaow,16.6,2056,Meal-Entertain,Yes
6-24-2018 10:41,6-24-2018 10:57,Business,Whitebridge,Waverly Place,7.1,2056,Meal-Entertain,Yes
6-24-2018 11:54,6-24-2018 12:01,Business,Waverly Place,Macgregor Downs,2.1,2056,Meal-Entertain,Yes
6-24-2018 12:19,6-24-2018 12:37,Business,Krakaow,Tessenowstreet,8.6,2056,Errand-Supplies,Yes
6-24-2018 12:50,6-24-2018 13:12,Business,Tessenowstreet,Morrisville,9,2056,Errand-Supplies,Yes
6-24-2018 13:18,6-24-2018 13:27,Business,Morrisville,Krakaow,3.1,2056,Errand-Supplies,Yes
6-24-2018 14:01,6-24-2018 14:20,Business,Krakaow,Morrisville,8.4,2056,Temporary Site,Yes
6-24-2018 20:44,6-24-2018 21:02,Business,Kenner,New Orleans,12.8,2056,,Yes
6-25-2018 9:03,6-25-2018 9:12,Business,CBD,Bywater,4.5,2056,,Yes
6-25-2018 9:15,6-25-2018 10:08,Business,New Orleans,Chalmette,11.8,2056,Between Offices,Yes
6-25-2018 10:18,6-25-2018 10:25,Business,Chalmette,Arabi,1.1,2056,Errand-Supplies,Yes
6-25-2018 10:50,6-25-2018 11:18,Business,Arabi,Metairie,17,2056,Meal-Entertain,Yes
6-25-2018 11:25,6-25-2018 11:34,Business,Pontchartrain Shores,Pontchartrain Shores,1.7,2056,Appointment,Yes
6-25-2018 11:53,6-25-2018 13:21,Business,Metairie,New Orleans,15.5,2056,Appointment,Yes
6-25-2018 19:47,6-25-2018 19:58,Business,Storyville,Marigny,1.6,2056,,Yes
6-25-2018 23:19,6-25-2018 23:26,Business,Marigny,Storyville,1.5,2056,,Yes
6-26-2018 17:43,6-26-2018 18:18,Business,New Orleans,Kenner,12.6,2056,Appointment,Yes
6-26-2018 18:45,6-26-2018 19:12,Business,Pontchartrain Shores,Pontchartrain Shores,4.8,2056,,Yes
6-26-2018 19:41,6-26-2018 19:50,Business,Kenner,Kenner,2.2,2056,,Yes
6-26-2018 21:14,6-26-2018 21:42,Business,Kenner,New Orleans,13,2056,,Yes
6-27-2018 7:37,6-27-2018 8:48,Business,New Orleans,Covington,46.9,2056,,Yes
6-27-2018 8:51,6-27-2018 9:00,Business,Covington,Covington,2.5,2056,,Yes
6-27-2018 9:05,6-27-2018 9:33,Business,Covington,Covington,8.6,2056,,Yes
6-27-2018 9:43,6-27-2018 10:08,Business,Covington,Covington,5.2,2056,,Yes
6-27-2018 10:22,6-27-2018 10:39,Business,Covington,Covington,7.6,2056,,Yes
6-27-2018 10:51,6-27-2018 10:58,Business,Covington,Covington,1.8,2056,,Yes
6-27-2018 11:06,6-27-2018 11:24,Business,Covington,Mandeville,4.7,2056,,Yes
6-27-2018 11:30,6-27-2018 11:42,Business,Mandeville,Mandeville,2.8,2056,,Yes
6-27-2018 12:22,6-27-2018 13:02,Business,Mandeville,Metairie,30,2056,,Yes
6-27-2018 13:56,6-27-2018 14:05,Business,Metairie,Kenner,4.4,2056,,Yes
6-27-2018 21:09,6-27-2018 21:19,Business,Jamestown Court,Jamestown Court,1,2056,,Yes
6-28-2018 0:48,6-28-2018 1:05,Business,Morrisville,Krakaow,8.2,2056,Customer Visit,Yes
6-28-2018 20:13,6-28-2018 20:33,Business,Krakaow,Durham,10.4,2056,Appointment,Yes
6-28-2018 23:34,6-28-2018 23:59,Business,Durham,Krakaow,9.9,2056,Appointment,Yes
6-28-2018 23:34,6-28-2018 23:59,Business,Durham,Krakaow,9.9,2056,Appointment,Yes
6-29-2018 8:56,6-29-2018 9:24,Business,Krakaow,Morrisville,7.3,2056,,Yes
6-29-2018 10:22,6-29-2018 10:38,Business,Morrisville,Krakaow,7.4,2056,,Yes
6-29-2018 11:49,6-29-2018 11:51,Business,Whitebridge,Westpark Place,1.6,2056,,Yes
6-29-2018 12:11,6-29-2018 12:16,Business,Westpark Place,Whitebridge,1.8,2056,,Yes
6-29-2018 20:11,6-29-2018 20:29,Business,Krakaow,Durham,10.4,2056,Appointment,Yes
6-29-2018 23:38,6-30-2018 0:00,Business,Durham,Krakaow,9.9,2056,Appointment,Yes
6-30-2018 20:09,6-30-2018 20:26,Business,Krakaow,Durham,9.9,2056,Appointment,Yes
07-01-2018 00:00,07-01-2018 00:25,Business,Durham,Krakaow,9.9,250,Appointment,Yes
07-01-2018 09:34,07-01-2018 09:57,Business,Krakaow,Tessenowstreet,13.3,250,Appointment,Yes
07-01-2018 12:36,07-01-2018 13:00,Business,Tessenowstreet,Krakaow,11.3,250,Appointment,Yes
07-01-2018 20:06,07-01-2018 20:24,Business,Krakaow,Durham,10.5,250,Appointment,Yes
07-01-2018 23:48,07-02-2018 00:09,Business,Durham,Krakaow,9.9,250,Appointment,Yes
07-02-2018 20:18,07-02-2018 20:36,Business,Krakaow,Durham,10.1,250,Appointment,Yes
07-02-2018 23:48,07-03-2018 00:12,Business,Durham,Krakaow,9.9,250,Appointment,Yes
07-03-2018 00:28,07-03-2018 00:38,Business,Krakaow,Morrisville,3.1,250,Errand-Supplies,Yes
07-03-2018 03:02,07-03-2018 03:08,Business,Morrisville,Krakaow,3.1,250,Errand-Supplies,Yes
07-03-2018 20:00,07-03-2018 20:18,Business,Krakaow,Durham,9.9,250,Appointment,Yes
07-04-2018 00:32,07-04-2018 00:47,Business,Durham,Krakaow,9.9,250,Appointment,Yes
07-04-2018 17:31,07-04-2018 17:49,Business,Whitebridge,Summerwinds,8.8,250,Appointment,Yes
07-04-2018 18:23,07-04-2018 18:49,Business,Summerwinds,Whitebridge,8.7,250,Temporary Site,Yes
07-04-2018 20:00,07-04-2018 20:17,Business,Krakaow,Durham,11.8,250,Appointment,Yes
07-05-2018 00:00,07-05-2018 00:05,Business,Parkwood,Parkwood,1.2,250,Errand-Supplies,Yes
07-05-2018 00:08,07-05-2018 00:28,Business,Durham,Krakaow,9.9,250,Appointment,Yes
07-05-2018 16:48,07-05-2018 16:52,Business,Whitebridge,Whitebridge,0.6,250,Errand-Supplies,Yes
07-05-2018 20:06,07-05-2018 20:26,Business,Krakaow,Durham,9.9,250,,Yes
07-05-2018 22:41,07-05-2018 23:02,Business,Durham,Morrisville,8.6,250,,Yes
07-06-2018 00:33,07-06-2018 00:53,Business,Morrisville,Krakaow,6.3,250,Meal-Entertain,Yes
07-06-2018 09:06,07-06-2018 09:25,Business,Krakaow,Durham,9.9,250,Appointment,Yes
07-06-2018 12:48,07-06-2018 13:08,Business,Durham,Krakaow,9.9,250,,Yes
07-06-2018 20:04,07-06-2018 20:14,Business,Krakaow,Morrisville,3.3,250,Meal-Entertain,Yes
07-06-2018 23:46,07-06-2018 23:59,Business,Morrisville,Krakaow,3.1,250,Customer Visit,Yes
07-07-2018 08:22,07-07-2018 08:50,Business,Krakaow,Morrisville,7.9,250,Temporary Site,Yes
07-07-2018 10:27,07-07-2018 10:33,Business,Morrisville,Krakaow,8.9,250,,Yes
07-07-2018 12:59,07-07-2018 13:35,Business,Kenner,New Orleans,12.8,250,,Yes
07-08-2018 09:50,07-08-2018 10:13,Business,CBD,Pontchartrain Beach,7.7,250,,Yes
07-08-2018 10:51,07-08-2018 11:12,Business,Pontchartrain Beach,CBD,7,250,,Yes
07-08-2018 13:48,07-08-2018 14:11,Business,New Orleans,Metairie,12.5,250,,Yes
07-08-2018 17:11,07-08-2018 17:30,Business,Kenner,New Orleans,13.2,250,,Yes
07-09-2018 09:03,07-09-2018 09:46,Business,New Orleans,Kenner,13,250,,Yes
07-09-2018 09:52,07-09-2018 10:06,Business,Kenner,Metairie,4.9,250,,Yes
07-09-2018 10:15,07-09-2018 10:33,Business,Metairie,New Orleans,8.5,250,,Yes
07-10-2018 14:10,07-10-2018 14:17,Business,CBD,St Thomas,1.3,250,,Yes
07-10-2018 16:04,07-10-2018 16:15,Business,St Thomas,CBD,1.8,250,,Yes
07-10-2018 18:05,07-10-2018 18:21,Business,New Orleans,Kenner,13.6,250,,Yes
07-10-2018 19:51,07-10-2018 20:08,Business,Kenner,New Orleans,13.4,250,,Yes
07-12-2018 16:10,07-12-2018 16:45,Business,New Orleans,Kenner,12.3,250,,Yes
07-12-2018 19:21,07-12-2018 19:26,Personal,Kenner,Kenner,1.4,250,,Yes
07-12-2018 23:47,7-13-2018 0:11,Personal,Morrisville,Krakaow,8.7,250,,Yes
7-13-2018 12:39,7-13-2018 13:20,Personal,Krakaow,Morrisville,23.5,2057,,Yes
7-13-2018 13:25,7-13-2018 13:39,Personal,Morrisville,Morrisville,2.2,2057,,Yes
7-13-2018 13:42,7-13-2018 13:54,Personal,Morrisville,Krakaow,4.4,2057,,Yes
7-14-2018 15:51,7-14-2018 15:59,Personal,Krakaow,Morrisville,3.3,2057,,Yes
7-14-2018 16:03,7-14-2018 16:34,Business,Morrisville,Morrisville,11.8,2057,Errand-Supplies,Yes
7-14-2018 16:39,7-14-2018 20:05,Business,Morrisville,Banner Elk,195.3,2057,,Yes
7-15-2018 11:32,7-15-2018 11:53,Personal,Banner Elk,Banner Elk,8.3,2057,,Yes
7-15-2018 12:09,7-15-2018 12:19,Personal,Banner Elk,Banner Elk,3.2,2057,,Yes
7-15-2018 12:35,7-15-2018 13:15,Personal,Banner Elk,Elk Park,22.4,2057,,Yes
7-15-2018 15:03,7-15-2018 15:33,Personal,Elk Park,Banner Elk,12.2,2057,,Yes
7-15-2018 15:40,7-15-2018 15:52,Personal,Banner Elk,Banner Elk,4.5,2057,,Yes
7-16-2018 13:14,7-16-2018 14:10,Personal,Banner Elk,Newland,28.1,2057,,Yes
7-16-2018 14:14,7-16-2018 14:30,Personal,Newland,Newland,3.8,2057,,Yes
7-16-2018 15:29,7-16-2018 16:57,Personal,Newland,Boone,41.9,2057,,Yes
7-16-2018 19:42,7-16-2018 20:35,Personal,Boone,Banner Elk,23.8,2057,,Yes
7-16-2018 21:45,7-16-2018 22:18,Personal,Banner Elk,Banner Elk,13,2057,,Yes
7-16-2018 22:50,7-16-2018 23:03,Business,Banner Elk,Banner Elk,4.4,2057,Errand-Supplies,Yes
7-17-2018 11:23,7-17-2018 11:50,Personal,Banner Elk,Boone,15.1,2057,Charity ($),Yes
7-17-2018 12:20,7-17-2018 15:25,Personal,Boone,Krakaow,180.2,2057,Commute,Yes
7-18-2018 10:37,7-18-2018 10:49,Personal,Krakaow,Morrisville,4.1,2057,Moving,Yes
7-18-2018 10:54,7-18-2018 11:15,Personal,Morrisville,Krakaow,6.1,2057,Moving,Yes
7-18-2018 11:25,7-18-2018 11:36,Personal,Northwoods,Preston,3.3,2057,Moving,Yes
7-18-2018 11:40,7-18-2018 11:56,Personal,Preston,Whitebridge,4.7,2057,Moving,Yes
7-18-2018 17:12,7-18-2018 17:33,Business,Krakaow,Apex,7.2,2057,Appointment,Yes
7-18-2018 18:32,7-18-2018 18:47,Business,Apex,Krakaow,5.5,2057,Meal-Entertain,Yes
7-18-2018 19:07,7-18-2018 19:14,Business,Krakaow,Morrisville,3.3,2057,Meal-Entertain,Yes
7-18-2018 20:28,7-18-2018 20:32,Business,Hazelwood,Weston,0.9,2057,Errand-Supplies,Yes
7-18-2018 21:11,7-18-2018 21:19,Business,Morrisville,Krakaow,3.8,2057,Meal-Entertain,Yes
7-19-2018 10:35,7-19-2018 10:51,Business,Whitebridge,Stonewater,6.4,2057,Customer Visit,Yes
7-19-2018 10:56,7-19-2018 11:11,Business,Stonewater,Lexington Park at Amberly,3,2057,Appointment,Yes
7-19-2018 11:30,7-19-2018 12:00,Business,Lexington Park at Amberly,Whitebridge,8.7,2057,Meal-Entertain,Yes
7-19-2018 17:14,7-19-2018 17:24,Business,Whitebridge,Chessington,3.9,2057,Errand-Supplies,Yes
7-19-2018 17:50,7-19-2018 18:08,Personal,Chessington,Whitebridge,4.8,2057,,Yes
7-20-2018 17:12,7-20-2018 17:24,Personal,Whitebridge,Hasselbachplatz,2.8,2057,,Yes
7-20-2018 17:50,7-20-2018 17:57,Personal,Hasselbachplatz,Preston,1.4,2057,,Yes
7-20-2018 18:16,7-20-2018 18:20,Personal,Preston,Whitebridge,1.4,2057,,Yes
7-21-2018 17:17,7-21-2018 17:23,Business,Whitebridge,Hasselbachplatz,2.7,2057,,Yes
7-21-2018 17:42,7-21-2018 17:51,Business,Hasselbachplatz,Burtrose,2.3,2057,,Yes
7-21-2018 18:27,7-21-2018 18:42,Business,Krakaow,Morrisville,3.7,2057,,Yes
7-21-2018 19:30,7-21-2018 19:39,Business,Morrisville,Krakaow,2.9,2057,,Yes
7-22-2018 10:42,7-22-2018 10:53,Business,Krakaow,Morrisville,3.8,2057,,Yes
7-22-2018 11:11,7-22-2018 11:25,Business,Morrisville,Krakaow,5.1,2057,,Yes
7-22-2018 11:37,7-22-2018 12:00,Business,Hazelwood,Lexington Park at Amberly,9.1,2057,,Yes
7-22-2018 12:14,7-22-2018 12:31,Business,Krakaow,Durham,8,2057,,Yes
7-22-2018 13:21,7-22-2018 13:42,Business,Durham,Krakaow,9.9,2057,Appointment,Yes
7-22-2018 14:27,7-22-2018 14:43,Business,Krakaow,Morrisville,6.1,2057,Meal-Entertain,Yes
7-22-2018 15:49,7-22-2018 16:22,Business,Morrisville,Krakaow,12.2,2057,,Yes
7-22-2018 18:33,7-22-2018 18:51,Business,Wayne Ridge,Whitebridge,8,2057,,Yes
7-23-2018 14:27,7-23-2018 14:44,Business,Krakaow,Morrisville,4,2057,,Yes
7-23-2018 14:48,7-23-2018 15:12,Business,Morrisville,Krakaow,9.5,2057,,Yes
7-23-2018 15:15,7-23-2018 15:27,Business,Krakaow,Morrisville,3,2057,,Yes
7-23-2018 15:50,7-23-2018 16:10,Business,Morrisville,Krakaow,6.3,2057,,Yes
7-23-2018 20:17,7-23-2018 20:33,Business,Krakaow,Durham,10.4,2057,Appointment,Yes
7-23-2018 23:18,7-23-2018 23:43,Business,Durham,Krakaow,9.9,2057,Appointment,Yes
7-25-2018 10:35,7-25-2018 10:41,Business,Whitebridge,Parkway,1.5,2057,,Yes
7-25-2018 10:47,7-25-2018 10:58,Business,Krakaow,Morrisville,4.9,2057,,Yes
7-25-2018 11:04,7-25-2018 11:33,Business,Morrisville,Krakaow,7.9,2057,,Yes
7-25-2018 11:37,7-25-2018 11:44,Business,Parkway,Whitebridge,1.7,2057,,Yes
7-26-2018 15:43,7-26-2018 15:49,Business,Whitebridge,Westpark Place,2.2,2057,,Yes
7-26-2018 17:14,7-26-2018 17:24,Business,Westpark Place,Whitebridge,2.1,2057,,Yes
7-26-2018 20:52,7-26-2018 21:00,Business,Krakaow,Morrisville,2.5,2057,Meal-Entertain,Yes
7-26-2018 22:31,7-26-2018 22:39,Business,Morrisville,Krakaow,2.5,2057,Meal-Entertain,Yes
7-27-2018 19:08,7-27-2018 19:20,Business,Krakaow,Morrisville,2.8,2057,,Yes
7-27-2018 21:34,7-27-2018 21:57,Business,Morrisville,Tessenowstreet,14.7,2057,,Yes
7-27-2018 22:00,7-27-2018 22:26,Business,Tessenowstreet,Morrisville,14.6,2057,,Yes
7-28-2018 0:04,7-28-2018 0:09,Business,Morrisville,Krakaow,2.3,2057,,Yes
7-29-2018 15:45,7-29-2018 15:47,Business,Whitebridge,Westpark Place,2.2,2057,,Yes
7-29-2018 17:27,7-29-2018 17:45,Business,Westpark Place,Whitebridge,2.2,2057,Meal-Entertain,Yes
7-30-2018 17:02,7-30-2018 17:27,Business,Krakaow,Durham,14,2057,,Yes
7-30-2018 21:16,7-30-2018 21:41,Business,Durham,Krakaow,13.3,2057,,Yes
7-31-2018 17:30,7-31-2018 17:37,Business,Westpark Place,Whitebridge,1.8,2057,,Yes
08-01-2018 12:47,08-01-2018 13:04,Business,Whitebridge,Arlington Park at Amberly,6.2,250,,Yes
08-01-2018 13:08,08-01-2018 13:19,Business,Arlington Park at Amberly,Lexington Park at Amberly,1.3,250,,Yes
08-01-2018 13:28,08-01-2018 13:46,Business,Lexington Park at Amberly,Westpark Place,1.9,250,,Yes
08-01-2018 13:52,08-01-2018 14:14,Business,Krakaow,Apex,6.9,250,,Yes
08-01-2018 15:40,08-01-2018 15:47,Business,Apex,Krakaow,4.6,250,,Yes
08-01-2018 16:18,08-01-2018 16:25,Business,Whitebridge,Hasselbachplatz,2.8,250,,Yes
08-01-2018 16:29,08-01-2018 16:59,Business,Krakaow,Morrisville,9.1,250,,Yes
08-01-2018 17:23,08-01-2018 17:55,Business,Morrisville,Krakaow,8.1,250,,Yes
08-02-2018 08:11,08-02-2018 08:32,Business,Krakaow,Morrisville,8.4,250,Appointment,Yes
08-02-2018 11:51,08-02-2018 12:15,Business,Arlington,Washington,4.9,250,,Yes
08-02-2018 19:15,08-02-2018 19:23,Business,Kalorama Triangle,K Street,1,250,,Yes
08-02-2018 21:23,08-02-2018 21:29,Business,K Street,Kalorama Triangle,1,250,,Yes
08-03-2018 12:46,08-03-2018 13:00,Business,West End,Northwest Rectangle,2,250,,Yes
08-03-2018 14:59,08-03-2018 15:03,Business,K Street,Kalorama Triangle,1.1,250,,Yes
08-03-2018 16:00,08-03-2018 16:04,Business,Kalorama Triangle,Downtown,1.5,250,,Yes
08-05-2018 17:23,08-05-2018 17:30,Business,Connecticut Avenue,Kalorama Triangle,1.3,250,,Yes
08-05-2018 18:17,08-05-2018 18:21,Business,Kalorama Triangle,Columbia Heights,1.8,250,,Yes
08-05-2018 19:17,08-05-2018 19:27,Business,Columbia Heights,Kalorama Triangle,1.5,250,,Yes
08-06-2018 06:40,08-06-2018 06:58,Business,Washington,Arlington,6.6,250,,Yes
08-06-2018 09:31,08-06-2018 09:53,Business,Morrisville,Krakaow,8,250,,Yes
08-07-2018 17:14,08-07-2018 17:23,Business,Whitebridge,Hasselbachplatz,2.7,250,,Yes
08-07-2018 17:28,08-07-2018 17:43,Business,Hasselbachplatz,Whitebridge,2.7,250,Customer Visit,Yes
08-07-2018 18:17,08-07-2018 18:23,Business,Krakaow,Morrisville,2.5,250,,Yes
08-07-2018 20:15,08-07-2018 20:23,Business,Morrisville,Krakaow,2.5,250,Meal-Entertain,Yes
08-08-2018 16:17,08-08-2018 16:31,Business,Whitebridge,Farmington Woods,5.2,250,,Yes
08-08-2018 16:37,08-08-2018 16:50,Business,Farmington Woods,Hasselbachplatz,4,250,,Yes
08-08-2018 17:02,08-08-2018 17:13,Business,Hasselbachplatz,Whitebridge,2.7,250,Customer Visit,Yes
08-08-2018 21:50,08-08-2018 22:15,Business,Krakaow,Morrisville,4.8,250,,Yes
08-08-2018 23:28,08-08-2018 23:37,Business,Morrisville,Krakaow,3.2,250,Customer Visit,Yes
08-09-2018 14:20,08-09-2018 14:38,Business,Whitebridge,Waverly Place,6.9,250,,Yes
08-09-2018 15:15,08-09-2018 15:36,Business,Krakaow,Tessenowstreet,14.9,250,,Yes
08-09-2018 16:04,08-09-2018 16:37,Business,Tessenowstreet,Krakaow,17.4,250,,Yes
08-10-2018 16:56,08-10-2018 17:24,Business,Krakaow,Durham,12.9,250,,Yes
08-10-2018 17:53,08-10-2018 18:28,Business,Durham,Apex,15.3,250,,Yes
08-10-2018 18:49,08-10-2018 18:50,Business,Apex,Apex,1,250,,Yes
08-10-2018 19:47,08-10-2018 20:02,Business,Apex,Krakaow,6,250,,Yes
08-11-2018 12:53,08-11-2018 13:00,Business,Whitebridge,Heritage Pines,2.2,250,,Yes
08-11-2018 13:14,08-11-2018 13:28,Business,Heritage Pines,Hasselbachplatz,4.4,250,,Yes
08-11-2018 13:32,08-11-2018 13:42,Business,Hasselbachplatz,Whitebridge,2.8,250,,Yes
08-11-2018 18:37,08-11-2018 19:29,Business,Krakaow,Wake Forest,31.7,250,,Yes
08-11-2018 20:59,08-11-2018 21:44,Business,Wake Forest,Krakaow,31.9,250,,Yes
08-12-2018 18:49,08-12-2018 18:52,Business,Whitebridge,Westpark Place,1.9,250,,Yes
08-12-2018 18:56,08-12-2018 19:05,Business,Westpark Place,Whitebridge,1.8,250,,Yes
8-13-2018 15:35,8-13-2018 15:58,Business,Krakaow,Morrisville,8.4,2058,Appointment,Yes
8-15-2018 9:05,8-15-2018 9:52,Business,R?walpindi,Arnold-Zweig,15.6,2058,,Yes
8-15-2018 15:20,8-15-2018 15:47,Business,Arnold-Zweig,Arnold-Zweig,14.1,2058,,Yes
8-15-2018 16:52,8-15-2018 17:30,Business,Arnold-Zweig,Arnold-Zweig,15.7,2058,,Yes
8-15-2018 19:08,8-15-2018 20:30,Business,Arnold-Zweig,Arnold-Zweig,25.9,2058,Temporary Site,Yes
8-16-2018 7:58,8-16-2018 8:11,Business,Arnold-Zweig,Arnold-Zweig,7.9,2058,,Yes
8-16-2018 8:16,8-16-2018 8:23,Business,Arnold-Zweig,Arnold-Zweig,2.7,2058,,Yes
8-16-2018 8:46,8-16-2018 8:53,Business,Arnold-Zweig,Arnold-Zweig,5.5,2058,,Yes
8-16-2018 10:06,8-16-2018 10:27,Business,Arnold-Zweig,Islamabad,5.7,2058,,Yes
8-16-2018 10:31,8-16-2018 10:38,Business,Islamabad,Islamabad,1.2,2058,,Yes
8-16-2018 11:47,8-16-2018 12:03,Business,Islamabad,Arnold-Zweig,5.7,2058,Temporary Site,Yes
8-16-2018 15:13,8-16-2018 15:36,Business,Arnold-Zweig,Arnold-Zweig,16.2,2058,,Yes
8-17-2018 10:17,8-17-2018 10:41,Business,Arnold-Zweig,Arnold-Zweig,2.6,2058,,Yes
8-17-2018 10:57,8-17-2018 11:20,Business,Arnold-Zweig,Arnold-Zweig,12.1,2058,,Yes
8-17-2018 14:45,8-17-2018 14:50,Business,Arnold-Zweig,R?walpindi,1.4,2058,,Yes
8-17-2018 15:32,8-17-2018 15:47,Business,R?walpindi,Islamabad,6.4,2058,,Yes
8-17-2018 16:29,8-17-2018 16:50,Business,Islamabad,Arnold-Zweig,7.3,2058,,Yes
8-17-2018 16:54,8-17-2018 17:00,Business,Arnold-Zweig,Arnold-Zweig,5.3,2058,,Yes
8-17-2018 17:05,8-17-2018 17:34,Business,Arnold-Zweig,Arnold-Zweig,5.5,2058,,Yes
8-17-2018 18:38,8-17-2018 18:57,Business,Arnold-Zweig,Arnold-Zweig,7.7,2058,Temporary Site,Yes
8-18-2018 18:40,8-18-2018 19:07,Business,Arnold-Zweig,Arnold-Zweig,7.6,2058,Temporary Site,Yes
8-19-2018 8:24,8-19-2018 8:45,Business,Arnold-Zweig,Noorpur Shahan,7.6,2058,,Yes
8-19-2018 8:54,8-19-2018 9:07,Business,Noorpur Shahan,Islamabad,3.3,2058,,Yes
8-19-2018 9:27,8-19-2018 9:47,Business,Islamabad,R?walpindi,6.5,2058,,Yes
8-19-2018 10:57,8-19-2018 11:06,Business,R?walpindi,Arnold-Zweig,2,2058,,Yes
8-19-2018 12:07,8-19-2018 12:24,Business,Arnold-Zweig,Islamabad,5.7,2058,,Yes
8-19-2018 15:51,8-19-2018 16:06,Business,Islamabad,Islamabad,3.2,2058,,Yes
8-19-2018 17:12,8-19-2018 17:52,Business,Islamabad,Arnold-Zweig,12.5,2058,,Yes
8-21-2018 10:00,8-21-2018 10:29,Business,Arnold-Zweig,Arnold-Zweig,7.6,2058,Airport-Travel,Yes
8-21-2018 14:05,8-21-2018 14:34,Business,Arnold-Zweig,Arnold-Zweig,7.7,2058,,Yes
8-21-2018 16:30,8-21-2018 17:02,Business,Arnold-Zweig,Islamabad,12.2,2058,,Yes
8-21-2018 18:10,8-21-2018 18:17,Business,Islamabad,Islamabad,1.4,2058,,Yes
8-21-2018 18:48,8-21-2018 19:24,Business,Islamabad,Arnold-Zweig,20.2,2058,,Yes
8-22-2018 10:00,8-22-2018 10:44,Business,Arnold-Zweig,Islamabad,9.8,2058,,Yes
8-22-2018 11:07,8-22-2018 11:23,Business,Islamabad,Arnold-Zweig,6.3,2058,,Yes
8-22-2018 12:36,8-22-2018 12:49,Business,Arnold-Zweig,Islamabad,4.9,2058,,Yes
8-22-2018 13:02,8-22-2018 13:11,Business,Islamabad,Islamabad,1.5,2058,,Yes
8-22-2018 14:07,8-22-2018 14:31,Business,Islamabad,Arnold-Zweig,10.9,2058,,Yes
8-22-2018 15:14,8-22-2018 15:49,Business,Arnold-Zweig,Arnold-Zweig,19,2058,,Yes
8-22-2018 15:59,8-22-2018 17:16,Business,Arnold-Zweig,Arnold-Zweig,19,2058,,Yes
8-22-2018 19:58,8-22-2018 20:50,Business,Arnold-Zweig,R?walpindi,7.9,2058,,Yes
8-22-2018 20:53,8-22-2018 21:31,Business,R?walpindi,R?walpindi,4.1,2058,,Yes
8-22-2018 22:31,8-22-2018 23:00,Business,R?walpindi,Arnold-Zweig,18.7,2058,,Yes
8-23-2018 8:10,8-23-2018 8:25,Business,Arnold-Zweig,Noorpur Shahan,8.7,2058,,Yes
8-23-2018 9:35,8-23-2018 10:09,Business,Noorpur Shahan,Arnold-Zweig,7.5,2058,,Yes
8-23-2018 12:59,8-23-2018 13:15,Business,Arnold-Zweig,Noorpur Shahan,7.7,2058,,Yes
8-23-2018 13:19,8-23-2018 13:30,Business,Noorpur Shahan,Islamabad,4.4,2058,,Yes
8-23-2018 13:49,8-23-2018 14:04,Business,Islamabad,Arnold-Zweig,5,2058,,Yes
8-23-2018 15:07,8-23-2018 15:12,Business,Arnold-Zweig,Arnold-Zweig,1.9,2058,,Yes
8-23-2018 15:15,8-23-2018 17:16,Business,Arnold-Zweig,Arnold-Zweig,7.9,2058,,Yes
8-23-2018 17:42,8-23-2018 18:31,Business,Arnold-Zweig,Arnold-Zweig,17.7,2058,,Yes
8-24-2018 12:05,8-24-2018 12:56,Business,Arnold-Zweig,Arnold-Zweig,25.2,2058,,Yes
8-24-2018 13:01,8-24-2018 15:25,Business,Arnold-Zweig,Arnold-Zweig,96.2,2058,,Yes
8-25-2018 15:17,8-25-2018 16:22,Business,Arnold-Zweig,Arnold-Zweig,35,2058,,Yes
8-25-2018 16:36,8-25-2018 16:56,Business,Arnold-Zweig,Arnold-Zweig,5.5,2058,,Yes
8-25-2018 17:19,8-25-2018 19:20,Business,Arnold-Zweig,Arnold-Zweig,50.4,2058,,Yes
8-25-2018 19:25,8-25-2018 19:57,Business,Arnold-Zweig,Gustav-Adolf,9.2,2058,,Yes
8-25-2018 22:58,8-25-2018 23:16,Business,Gustav-Adolf,Arnold-Zweig,7.3,2058,,Yes
8-26-2018 9:06,8-26-2018 9:20,Business,Arnold-Zweig,Arnold-Zweig,5,2058,,Yes
8-26-2018 11:14,8-26-2018 11:26,Business,Arnold-Zweig,Arnold-Zweig,3.8,2058,,Yes
8-26-2018 12:10,8-26-2018 12:20,Business,Arnold-Zweig,Gustav-Adolf,3.9,2058,,Yes
8-26-2018 14:10,8-26-2018 14:33,Business,Gustav-Adolf,Gustav-Adolf,7.4,2058,,Yes
8-26-2018 15:23,8-26-2018 15:35,Business,Gustav-Adolf,Gustav-Adolf,1.5,2058,,Yes
8-26-2018 15:59,8-26-2018 16:24,Business,Gustav-Adolf,Arnold-Zweig,7.9,2058,,Yes
8-26-2018 16:55,8-26-2018 17:12,Business,Arnold-Zweig,Gustav-Adolf,2.9,2058,,Yes
8-26-2018 18:42,8-26-2018 18:56,Business,Gustav-Adolf,Gustav-Adolf,3.4,2058,,Yes
8-26-2018 19:31,8-26-2018 19:54,Business,Gustav-Adolf,Gustav-Adolf,3.8,2058,,Yes
8-26-2018 20:06,8-26-2018 20:16,Business,Gustav-Adolf,Arnold-Zweig,5.9,2058,,Yes
8-27-2018 9:34,8-27-2018 10:11,Business,Arnold-Zweig,Gustav-Adolf,9.6,2058,,Yes
8-27-2018 11:47,8-27-2018 12:06,Business,Gustav-Adolf,Gustav-Adolf,7,2058,,Yes
8-27-2018 12:12,8-27-2018 12:17,Business,Gustav-Adolf,Gustav-Adolf,0.9,2058,,Yes
8-27-2018 14:01,8-27-2018 15:44,Business,Gustav-Adolf,Arnold-Zweig,86.6,2058,,Yes
8-27-2018 16:15,8-27-2018 19:13,Business,Arnold-Zweig,Arnold-Zweig,156.9,2058,,Yes
8-28-2018 9:57,8-28-2018 10:18,Business,Arnold-Zweig,Noorpur Shahan,10.1,2058,,Yes
8-28-2018 16:39,8-28-2018 16:55,Business,Noorpur Shahan,Islamabad,6.2,2058,,Yes
8-28-2018 17:37,8-28-2018 17:55,Business,Islamabad,Islamabad,5.3,2058,,Yes
8-28-2018 21:15,8-28-2018 21:59,Business,Islamabad,Arnold-Zweig,12.1,2058,,Yes
8-29-2018 12:02,8-29-2018 12:31,Business,Arnold-Zweig,Islamabad,10.8,2058,,Yes
8-29-2018 13:38,8-29-2018 13:48,Business,Islamabad,Islamabad,4.3,2058,,Yes
8-29-2018 14:31,8-29-2018 14:41,Business,Islamabad,Islamabad,2.5,2058,,Yes
8-29-2018 14:49,8-29-2018 15:04,Business,Islamabad,Arnold-Zweig,5.7,2058,Temporary Site,Yes
8-29-2018 15:49,8-29-2018 15:59,Business,Arnold-Zweig,Islamabad,2.8,2058,,Yes
8-29-2018 16:06,8-29-2018 16:21,Business,Islamabad,Arnold-Zweig,4,2058,,Yes
8-29-2018 17:24,8-29-2018 17:41,Business,Arnold-Zweig,Islamabad,5.5,2058,,Yes
8-29-2018 18:27,8-29-2018 18:36,Business,Islamabad,Islamabad,2.6,2058,,Yes
8-30-2018 11:53,8-30-2018 12:05,Business,Arnold-Zweig,Arnold-Zweig,2.1,2058,,Yes
8-30-2018 12:46,8-30-2018 13:09,Business,Arnold-Zweig,Islamabad,8.8,2058,,Yes
8-30-2018 13:25,8-30-2018 13:46,Business,Islamabad,Islamabad,4.4,2058,,Yes
8-30-2018 14:00,8-30-2018 14:20,Business,Islamabad,Arnold-Zweig,5.3,2058,,Yes
8-30-2018 17:27,8-30-2018 18:09,Business,Arnold-Zweig,Arnold-Zweig,13,2058,,Yes
09-01-2018 11:51,09-01-2018 12:24,Business,Arnold-Zweig,Islamabad,13,250,,Yes
09-01-2018 17:21,09-01-2018 17:36,Business,Islamabad,Arnold-Zweig,10.6,250,,Yes
09-01-2018 18:49,09-01-2018 19:08,Business,Arnold-Zweig,Arnold-Zweig,2.2,250,,Yes
09-02-2018 11:37,09-02-2018 12:24,Business,Arnold-Zweig,Islamabad,9.2,250,,Yes
09-02-2018 18:56,09-02-2018 19:37,Business,Arnold-Zweig,Arnold-Zweig,12.9,250,,Yes
09-05-2018 10:25,09-05-2018 10:44,Business,Arnold-Zweig,R?walpindi,17.2,250,,Yes
09-06-2018 17:49,09-06-2018 17:49,Business,Arnold-Zweig,Arnold-Zweig,69.1,250,,Yes
09-10-2018 10:28,09-10-2018 10:45,Business,Arnold-Zweig,Arnold-Zweig,2.8,250,,Yes
09-11-2018 09:51,09-11-2018 09:55,Business,Arnold-Zweig,Arnold-Zweig,8.6,250,,Yes
09-11-2018 21:40,09-11-2018 21:42,Business,Arnold-Zweig,Arnold-Zweig,9.8,250,,Yes
09-12-2018 08:07,09-12-2018 08:12,Business,Arnold-Zweig,Arnold-Zweig,3.6,250,,Yes
09-12-2018 11:15,09-12-2018 11:24,Business,Arnold-Zweig,Arnold-Zweig,1.7,250,,Yes
09-12-2018 13:04,09-12-2018 13:44,Business,Arnold-Zweig,Arnold-Zweig,11.5,250,,Yes
9-13-2018 16:56,9-13-2018 17:02,Business,Arnold-Zweig,Arnold-Zweig,0.7,2059,,Yes
9-14-2018 11:55,9-14-2018 11:59,Business,Arnold-Zweig,Arnold-Zweig,0.7,2059,,Yes
9-15-2018 20:33,9-15-2018 20:38,Business,Arnold-Zweig,Arnold-Zweig,0.9,2059,,Yes
9-16-2018 7:08,9-16-2018 7:08,Business,Arnold-Zweig,Arnold-Zweig,1.6,2059,,Yes
9-18-2018 18:07,9-18-2018 18:11,Business,Arnold-Zweig,Arnold-Zweig,9.4,2059,,Yes
9-19-2018 6:18,9-19-2018 6:49,Business,R?walpindi,Arnold-Zweig,18.2,2059,,Yes
9-19-2018 14:40,9-19-2018 14:56,Business,Arnold-Zweig,Islamabad,10.5,2059,,Yes
9-19-2018 16:23,9-19-2018 16:31,Business,Islamabad,Arnold-Zweig,5.7,2059,,Yes
9-19-2018 17:36,9-19-2018 18:20,Business,Arnold-Zweig,Arnold-Zweig,18,2059,,Yes
9-19-2018 19:10,9-19-2018 19:49,Business,Arnold-Zweig,Islamabad,18.3,2059,,Yes
9-20-2018 11:29,9-20-2018 11:48,Business,Islamabad,Arnold-Zweig,16.5,2059,,Yes
9-20-2018 20:47,9-20-2018 22:47,Business,Arnold-Zweig,R?walpindi,9.6,2059,,Yes
9-23-2018 13:15,9-23-2018 13:40,Business,Maxim-Gorki ,Maxim-Gorki ,2.9,2059,,Yes
9-24-2018 14:34,9-24-2018 15:15,Business,Maxim-Gorki ,Arnold-Zweig,8.2,2059,,Yes
9-24-2018 20:29,9-24-2018 20:33,Business,Arnold-Zweig,Arnold-Zweig,2.4,2059,,Yes
9-27-2018 8:33,9-27-2018 8:35,Business,Arnold-Zweig,Arnold-Zweig,5.8,2059,,Yes
9-27-2018 13:21,9-27-2018 14:43,Business,Gustav-Adolf,Gustav-Adolf,9.8,2059,,Yes
9-27-2018 19:14,9-27-2018 20:34,Business,Gustav-Adolf,Arnold-Zweig,7.3,2059,,Yes
9-27-2018 21:01,9-28-2018 2:37,Business,Arnold-Zweig,Arnold-Zweig,195.6,2059,,Yes
9-28-2018 17:21,9-28-2018 19:36,Business,Islamabad,Arnold-Zweig,20.5,2059,,Yes
9-29-2018 16:13,9-29-2018 18:47,Business,Arnold-Zweig,Islamabad,12.6,2059,,Yes
9-30-2018 17:39,9-30-2018 20:20,Business,Islamabad,Islamabad,37.7,2059,,Yes
9-30-2018 20:59,9-30-2018 22:34,Business,Islamabad,Arnold-Zweig,16.7,2059,,Yes
10-03-2018 17:09,10-03-2018 17:12,Business,Arnold-Zweig,Islamabad,10.5,251,,Yes
10-03-2018 18:17,10-03-2018 18:34,Business,Islamabad,Islamabad,2.8,251,,Yes
10-03-2018 18:51,10-03-2018 19:01,Business,Islamabad,Islamabad,1.6,251,,Yes
10-03-2018 22:04,10-03-2018 22:33,Business,Islamabad,Arnold-Zweig,12.7,251,,Yes
10-04-2018 09:50,10-04-2018 10:52,Business,Arnold-Zweig,Arnold-Zweig,28.6,251,,Yes
10-04-2018 12:17,10-04-2018 12:18,Business,Arnold-Zweig,Arnold-Zweig,15.1,251,,Yes
10-06-2018 08:49,10-06-2018 11:36,Business,Arnold-Zweig,R?walpindi,17.9,251,,Yes
10-06-2018 17:23,10-06-2018 17:40,Business,R?walpindi,Arnold-Zweig,112.6,251,,Yes
10-06-2018 18:37,10-06-2018 18:39,Business,Arnold-Zweig,Arnold-Zweig,18.4,251,,Yes
10-06-2018 19:46,10-06-2018 20:26,Business,Arnold-Zweig,Arnold-Zweig,13.8,251,,Yes
10-07-2018 10:56,10-07-2018 10:59,Business,Arnold-Zweig,Gustav-Adolf,33.2,251,,Yes
10-07-2018 11:27,10-07-2018 11:50,Business,Gustav-Adolf,Gustav-Adolf,2.6,251,,Yes
10-07-2018 13:52,10-07-2018 14:08,Business,Gustav-Adolf,Arnold-Zweig,5.8,251,,Yes
10-07-2018 14:29,10-07-2018 15:11,Business,Arnold-Zweig,Gustav-Adolf,8.3,251,,Yes
10-07-2018 15:47,10-07-2018 16:02,Business,Gustav-Adolf,Gustav-Adolf,2.4,251,,Yes
10-07-2018 18:08,10-07-2018 18:27,Business,Gustav-Adolf,Gustav-Adolf,3.1,251,,Yes
10-07-2018 18:33,10-07-2018 19:01,Business,Gustav-Adolf,Gustav-Adolf,6.1,251,,Yes
10-08-2018 15:03,10-08-2018 15:03,Business,Maxim-Gorki ,Maxim-Gorki ,3.6,251,,Yes
10-08-2018 18:15,10-08-2018 18:18,Business,Maxim-Gorki ,Arnold-Zweig,8,251,,Yes
10-09-2018 14:04,10-09-2018 14:23,Business,Arnold-Zweig,Arnold-Zweig,7.7,251,Temporary Site,Yes
10-10-2018 17:22,10-10-2018 17:28,Business,Islamabad,Islamabad,1.7,251,,Yes
10-10-2018 17:33,10-10-2018 18:13,Business,Islamabad,Arnold-Zweig,9.5,251,,Yes
10-11-2018 01:27,10-11-2018 02:08,Business,Arnold-Zweig,R?walpindi,17.1,251,Appointment,Yes
10-12-2018 19:18,10-12-2018 19:21,Business,R?walpindi,Arnold-Zweig,18.4,251,,Yes
10-13-2018 11:20,10-13-2018 11:58,Business,Arnold-Zweig,Islamabad,9.8,251,,Yes
10-13-2018 12:08,10-13-2018 12:14,Business,Islamabad,Islamabad,1,251,,Yes
10-13-2018 13:02,10-13-2018 13:02,Business,Islamabad,Islamabad,0.7,251,,Yes
10-13-2018 13:37,10-13-2018 13:46,Business,Islamabad,Islamabad,2.3,251,,Yes
10-13-2018 16:08,10-13-2018 16:53,Business,Islamabad,Arnold-Zweig,10.9,251,,Yes
10-14-2018 8:50,10-14-2018 9:44,Business,Arnold-Zweig,R?walpindi,12.7,251,,Yes
10-14-2018 10:16,10-14-2018 10:52,Business,R?walpindi,Arnold-Zweig,12.4,251,,Yes
10-14-2018 15:56,10-14-2018 16:20,Business,Arnold-Zweig,Arnold-Zweig,3.8,251,,Yes
10-14-2018 23:54,10-15-2018 2:06,Business,Arnold-Zweig,R?walpindi,17,251,Appointment,Yes
10-15-2018 22:28,10-15-2018 22:48,Business,Morrisville,Morrisville,6.2,251,,Yes
10-16-2018 0:01,10-16-2018 0:14,Business,Morrisville,Krakaow,3.1,251,,Yes
10-16-2018 12:52,10-16-2018 13:11,Business,Krakaow,Durham,10.5,251,Appointment,Yes
10-16-2018 14:40,10-16-2018 15:01,Business,Durham,Morrisville,8.1,251,,Yes
10-16-2018 15:10,10-16-2018 15:19,Business,Morrisville,Krakaow,3.1,251,,Yes
10-16-2018 19:27,10-16-2018 19:33,Business,Whitebridge,Parkway,2.1,251,Appointment,Yes
10-16-2018 20:30,10-16-2018 20:39,Business,Krakaow,Morrisville,4.3,251,,Yes
10-16-2018 21:34,10-16-2018 21:41,Business,Morrisville,Krakaow,2.5,251,Meal-Entertain,Yes
10-17-2018 15:19,10-17-2018 15:57,Business,Krakaow,Tessenowstreet,20.6,251,,Yes
10-17-2018 16:29,10-17-2018 17:11,Business,Tessenowstreet,Krakaow,17.6,251,,Yes
10-17-2018 18:02,10-17-2018 18:16,Business,Krakaow,Apex,5.6,251,,Yes
10-17-2018 18:31,10-17-2018 18:45,Business,Apex,Apex,3.3,251,,Yes
10-17-2018 19:08,10-17-2018 19:25,Business,Apex,Krakaow,5.3,251,,Yes
10-18-2018 8:12,10-18-2018 8:22,Business,Whitebridge,Hasselbachplatz,3.3,251,,Yes
10-18-2018 8:53,10-18-2018 9:02,Business,Hasselbachplatz,Whitebridge,3.3,251,,Yes
10-18-2018 10:41,10-18-2018 11:09,Business,Krakaow,Morrisville,7.9,251,Temporary Site,Yes
10-18-2018 18:12,10-18-2018 18:33,Business,Oakland,Emeryville,13,251,,Yes
10-18-2018 19:03,10-18-2018 19:13,Business,Emeryville,Berkeley,3,251,,Yes
10-18-2018 20:31,10-18-2018 20:37,Business,Berkeley,Emeryville,3,251,,Yes
10-19-2018 9:33,10-19-2018 9:47,Business,Emeryville,Oakland,3.8,251,,Yes
10-19-2018 9:54,10-19-2018 10:21,Business,Oakland,San Francisco,9.5,251,,Yes
10-19-2018 13:45,10-19-2018 13:56,Business,SOMISSPO,French Quarter,1.7,251,,Yes
10-19-2018 14:02,10-19-2018 14:31,Business,San Francisco,Berkeley,10.8,251,,Yes
10-19-2018 15:44,10-19-2018 16:02,Business,West Berkeley,North Berkeley Hills,4.1,251,,Yes
10-19-2018 16:06,10-19-2018 16:19,Business,North Berkeley Hills,Southside,2.2,251,,Yes
10-19-2018 16:33,10-19-2018 17:01,Business,Berkeley,Emeryville,4.6,251,,Yes
10-20-2018 11:26,10-20-2018 11:34,Business,Emeryville,Berkeley,3.1,251,,Yes
10-20-2018 12:19,10-20-2018 13:17,Business,Berkeley,San Jose,47.7,251,,Yes
10-20-2018 20:44,10-20-2018 21:37,Business,San Jose,Emeryville,44.6,251,,Yes
10-21-2018 10:06,10-21-2018 10:21,Business,Emeryville,Oakland,13.2,251,,Yes
10-22-2018 0:54,10-22-2018 1:09,Business,Morrisville,Krakaow,8.7,251,,Yes
10-22-2018 13:26,10-22-2018 14:03,Business,Krakaow,Tessenowstreet,17.2,251,,Yes
10-22-2018 17:08,10-22-2018 17:55,Business,Tessenowstreet,Krakaow,14,251,,Yes
10-23-2018 9:24,10-23-2018 10:05,Business,Krakaow,Tessenowstreet,28.1,251,,Yes
10-23-2018 12:17,10-23-2018 12:59,Business,Tessenowstreet,Krakaow,28.2,251,,Yes
10-23-2018 19:04,10-23-2018 19:14,Business,Krakaow,Morrisville,3.1,251,Meal-Entertain,Yes
10-23-2018 21:10,10-23-2018 21:25,Business,Morrisville,Krakaow,3.1,251,Customer Visit,Yes
10-24-2018 14:57,10-24-2018 15:26,Business,Krakaow,Durham,16.4,251,,Yes
10-24-2018 15:33,10-24-2018 16:13,Business,Durham,Morrisville,15.4,251,,Yes
10-24-2018 16:34,10-24-2018 16:41,Business,Morrisville,Krakaow,2.2,251,,Yes
10-25-2018 13:27,10-25-2018 14:08,Business,Krakaow,Apex,11.2,251,,Yes
10-25-2018 15:04,10-25-2018 15:11,Business,Apex,Eagle Rock,2.2,251,,Yes
10-25-2018 15:16,10-25-2018 15:33,Business,Eagle Rock,Krakaow,3.6,251,,Yes
10-25-2018 20:00,10-25-2018 20:11,Business,Whitebridge,Savon Height,3.6,251,Meal-Entertain,Yes
10-25-2018 20:54,10-25-2018 21:03,Business,Savon Height,Parkway,4.9,251,,Yes
10-25-2018 22:24,10-25-2018 22:45,Business,Parkway,Whitebridge,8.7,251,Errand-Supplies,Yes
10-26-2018 19:25,10-26-2018 19:31,Business,Whitebridge,Parkway,2.1,251,Appointment,Yes
10-26-2018 20:53,10-26-2018 21:03,Business,Parkway,Whitebridge,2.1,251,,Yes
10-27-2018 18:51,10-27-2018 19:16,Business,Krakaow,Morrisville,8.4,251,Appointment,Yes
10-27-2018 19:20,10-27-2018 19:35,Business,Morrisville,Morrisville,5.9,251,,Yes
10-27-2018 19:52,10-27-2018 20:21,Business,Huntington Woods,Huntington Woods,12.1,251,,Yes
10-27-2018 20:47,10-27-2018 20:54,Business,Huntington Woods,Weston,3.9,251,,Yes
10-27-2018 21:26,10-27-2018 21:48,Business,Morrisville,Krakaow,6.2,251,,Yes
10-28-2018 11:34,10-28-2018 11:52,Business,Krakaow,Durham,10.4,251,Appointment,Yes
10-28-2018 13:06,10-28-2018 13:36,Business,Durham,Krakaow,9.9,251,Appointment,Yes
10-28-2018 15:53,10-28-2018 17:59,Business,Krakaow,Winston Salem,107,251,Appointment,Yes
10-28-2018 18:13,10-28-2018 20:07,Business,Winston Salem,Asheville,133.6,251,Appointment,Yes
10-28-2018 20:13,10-28-2018 22:00,Business,Asheville,Topton,91.8,251,Appointment,Yes
10-29-2018 15:22,10-29-2018 17:05,Business,Topton,Hayesville,40.7,251,Appointment,Yes
10-29-2018 17:13,10-29-2018 19:19,Business,Hayesville,Topton,75.7,251,,Yes
10-30-2018 7:49,10-30-2018 8:30,Business,Topton,Bryson City,29.8,251,,Yes
10-30-2018 9:07,10-30-2018 10:09,Business,Bryson City,Bryson City,16.3,251,,Yes
10-30-2018 10:11,10-30-2018 10:38,Business,Bryson City,Bryson City,6.5,251,,Yes
10-30-2018 10:51,10-30-2018 11:21,Business,Bryson City,Bryson City,6.3,251,,Yes
10-30-2018 12:24,10-30-2018 12:35,Business,Bryson City,Almond,6.6,251,,Yes
10-30-2018 12:58,10-30-2018 13:18,Business,Almond,Bryson City,15.2,251,,Yes
10-30-2018 13:24,10-30-2018 14:37,Business,Bryson City,Asheville,68.4,251,,Yes
10-30-2018 15:22,10-30-2018 18:23,Business,Asheville,Mebane,195.9,251,,Yes
10-30-2018 18:26,10-30-2018 19:39,Business,Mebane,Krakaow,45.2,251,,Yes
10-31-2018 18:11,10-31-2018 18:20,Business,Krakaow,Morrisville,3.2,251,,Yes
10-31-2018 18:47,10-31-2018 19:16,Business,Morrisville,Tessenowstreet,10.3,251,,Yes
10-31-2018 20:18,10-31-2018 20:44,Business,Tessenowstreet,Krakaow,13.1,251,,Yes
10-31-2018 21:45,10-31-2018 22:10,Business,Savon Height,Whitebridge,9.6,251,Errand-Supplies,Yes
11-01-2018 11:50,11-01-2018 12:27,Business,Krakaow,Durham,16.5,251,,Yes
11-01-2018 16:29,11-01-2018 17:02,Business,Durham,Krakaow,12.8,251,,Yes
11-01-2018 17:35,11-01-2018 17:42,Business,Whitebridge,Whitebridge,1.2,251,,Yes
11-01-2018 19:14,11-01-2018 19:20,Business,Whitebridge,Whitebridge,1,251,,Yes
11-01-2018 19:59,11-01-2018 20:12,Business,Whitebridge,Whitebridge,4.1,251,,Yes
11-01-2018 20:41,11-01-2018 20:55,Business,Whitebridge,Whitebridge,4.2,251,Meal-Entertain,Yes
11-02-2018 15:10,11-02-2018 15:18,Business,Whitebridge,Westpark Place,1.4,251,,Yes
11-02-2018 15:45,11-02-2018 15:52,Business,Westpark Place,Whitebridge,1.8,251,,Yes
11-02-2018 16:46,11-02-2018 17:11,Business,Krakaow,Morrisville,8.5,251,Appointment,Yes
11-02-2018 17:34,11-02-2018 17:49,Business,Morrisville,Morrisville,5,251,,Yes
11-02-2018 17:53,11-02-2018 18:00,Business,Morrisville,Krakaow,3.8,251,,Yes
11-03-2018 11:28,11-03-2018 11:34,Business,Whitebridge,Hazelwood,2.5,251,,Yes
11-03-2018 12:43,11-03-2018 12:49,Business,Hazelwood,Whitebridge,2.4,251,,Yes
11-03-2018 13:42,11-03-2018 13:47,Business,Whitebridge,Westpark Place,1.4,251,,Yes
11-03-2018 14:13,11-03-2018 14:26,Business,Westpark Place,Whitebridge,1.8,251,,Yes
11-03-2018 18:51,11-03-2018 19:08,Business,Krakaow,Morrisville,3.1,251,Meal-Entertain,Yes
11-03-2018 22:46,11-03-2018 22:58,Business,Morrisville,Krakaow,3.1,251,Customer Visit,Yes
11-04-2018 10:02,11-04-2018 10:18,Business,Krakaow,Morrisville,7.9,251,Temporary Site,Yes
11-04-2018 18:14,11-04-2018 18:21,Business,San Jose,Santa Clara,3.8,251,,Yes
11-04-2018 21:04,11-04-2018 21:20,Business,Agnew,Cory,4.3,251,,Yes
11-04-2018 22:12,11-04-2018 22:25,Business,Cory,Agnew,3.9,251,,Yes
11-05-2018 08:34,11-05-2018 08:43,Business,Agnew,Renaissance,2.2,251,,Yes
11-05-2018 17:29,11-05-2018 17:40,Business,Renaissance,Agnew,2.8,251,,Yes
11-05-2018 19:20,11-05-2018 19:28,Business,Agnew,Agnew,2.2,251,,Yes
11-06-2018 10:50,11-06-2018 11:04,Business,Agnew,Renaissance,2.4,251,,Yes
11-06-2018 16:05,11-06-2018 16:22,Business,Renaissance,Agnew,2.8,251,Appointment,Yes
11-06-2018 16:27,11-06-2018 17:28,Business,Santa Clara,Berkeley,43.9,251,Customer Visit,Yes
11-06-2018 19:04,11-06-2018 19:12,Business,Downtown,West Berkeley,1.8,251,,Yes
11-06-2018 20:06,11-06-2018 20:21,Business,West Berkeley,Central,3.3,251,,Yes
11-07-2018 12:28,11-07-2018 12:57,Business,Berkeley,San Francisco,11.8,251,Between Offices,Yes
11-07-2018 19:17,11-07-2018 19:57,Business,San Francisco,Berkeley,13.2,251,Between Offices,Yes
11-08-2018 10:29,11-08-2018 10:57,Business,Berkeley,San Francisco,12.2,251,Between Offices,Yes
11-08-2018 12:16,11-08-2018 12:49,Business,San Francisco,Berkeley,11.3,251,Appointment,Yes
11-08-2018 13:41,11-08-2018 14:01,Business,Berkeley,Emeryville,3.6,251,,Yes
11-08-2018 16:21,11-08-2018 16:34,Business,Emeryville,Berkeley,3,251,,Yes
11-09-2018 13:08,11-09-2018 13:41,Business,Berkeley,San Francisco,11.4,251,,Yes
11-09-2018 15:58,11-09-2018 16:04,Business,NOMA,Downtown,0.9,251,,Yes
11-09-2018 17:31,11-09-2018 18:03,Business,Downtown,Sunnyside,6.2,251,,Yes
11-09-2018 18:09,11-09-2018 18:14,Business,Sunnyside,Ingleside,0.7,251,,Yes
11-09-2018 18:21,11-09-2018 18:35,Business,Ingleside,Potrero Flats,5.5,251,Appointment,Yes
11-09-2018 18:40,11-09-2018 19:17,Business,San Francisco,Oakland,12.7,251,Customer Visit,Yes
11-09-2018 20:52,11-09-2018 21:02,Business,Oakland,Berkeley,2.6,251,,Yes
11-09-2018 21:56,11-09-2018 22:02,Business,Central,Central,1.1,251,,Yes
11-10-2018 09:46,11-10-2018 10:15,Business,Berkeley,San Francisco,12.6,251,Temporary Site,Yes
11-10-2018 10:20,11-10-2018 10:31,Business,Tenderloin,SOMISSPO,1.2,251,,Yes
11-10-2018 14:57,11-10-2018 15:07,Business,SOMISSPO,Tenderloin,1.1,251,,Yes
11-10-2018 15:17,11-10-2018 15:22,Business,San Francisco,Oakland,9.9,251,Temporary Site,Yes
11-10-2018 15:30,11-10-2018 15:53,Business,Oakland,Berkeley,6,251,Appointment,Yes
11-10-2018 19:18,11-10-2018 19:21,Business,West Berkeley,Central,0.8,251,,Yes
11-11-2018 09:35,11-11-2018 10:23,Business,Berkeley,Menlo Park,45.9,251,Customer Visit,Yes
11-11-2018 12:58,11-11-2018 13:13,Business,Menlo Park,Palo Alto,4,251,,Yes
11-11-2018 14:20,11-11-2018 14:32,Business,Palo Alto,Menlo Park,2.5,251,,Yes
11-11-2018 14:39,11-11-2018 15:46,Business,Menlo Park,Berkeley,36.6,251,Customer Visit,Yes
11-11-2018 18:30,11-11-2018 18:43,Business,Central,College Avenue,2.9,251,,Yes
11-11-2018 21:08,11-11-2018 21:18,Business,College Avenue,Central,2.6,251,,Yes
11-12-2018 10:32,11-12-2018 10:52,Business,Central,South,2.3,251,,Yes
11-12-2018 10:55,11-12-2018 11:25,Business,South,Downtown,6.4,251,,Yes
11-12-2018 13:07,11-12-2018 13:15,Business,Downtown,Central,1.4,251,,Yes
11-12-2018 13:46,11-12-2018 13:50,Business,Central,West Berkeley,0.6,251,,Yes
11-12-2018 14:22,11-12-2018 14:53,Business,West Berkeley,South,5.9,251,Appointment,Yes
11-12-2018 15:14,11-12-2018 15:21,Business,South,Southwest Berkeley,0.8,251,,Yes
11-12-2018 15:25,11-12-2018 15:36,Business,Berkeley,Emeryville,1.3,251,,Yes
11-12-2018 15:40,11-12-2018 15:59,Business,Emeryville,Berkeley,3.7,251,Errand-Supplies,Yes
11-13-2018 8:54,11-13-2018 9:02,Business,Central,Central,2.3,251,,Yes
11-13-2018 9:27,11-13-2018 9:53,Business,Central,Central,2.6,251,,Yes
11-13-2018 10:31,11-13-2018 10:37,Business,Central,Southside,1.9,251,,Yes
11-13-2018 11:04,11-13-2018 11:16,Business,Southside,West Berkeley,2.1,251,,Yes
11-13-2018 12:22,11-13-2018 12:51,Business,West Berkeley,Southside,4,251,Appointment,Yes
11-13-2018 13:05,11-13-2018 13:11,Business,Southside,South Berkeley,0.9,251,,Yes
11-13-2018 13:14,11-13-2018 13:18,Business,South Berkeley,Southside,0.9,251,,Yes
11-13-2018 14:35,11-13-2018 14:46,Business,Southside,Central,2.4,251,,Yes
11-13-2018 15:14,11-13-2018 15:24,Business,Central,Southside,1.9,251,,Yes
11-13-2018 15:47,11-13-2018 15:59,Business,Southside,Central,1.9,251,,Yes
11-14-2018 11:24,11-14-2018 12:13,Business,Berkeley,Mountain View,44.6,251,Customer Visit,Yes
11-14-2018 13:40,11-14-2018 14:33,Business,Mountain View,Berkeley,43.6,251,Customer Visit,Yes
11-14-2018 15:27,11-14-2018 15:36,Business,Berkeley,Emeryville,2.5,251,,Yes
11-14-2018 20:19,11-14-2018 20:30,Business,Emeryville,Berkeley,3.7,251,Errand-Supplies,Yes
11-15-2018 13:59,11-15-2018 14:06,Business,Berkeley,Oakland,5.1,251,,Yes
11-15-2018 14:09,11-15-2018 14:26,Business,Oakland,San Francisco,9.7,251,Temporary Site,Yes
11-15-2018 20:44,11-15-2018 21:00,Business,San Francisco,Berkeley,11.8,251,Temporary Site,Yes
11-16-2018 20:21,11-16-2018 20:27,Business,Berkeley,El Cerrito,2.3,251,Temporary Site,Yes
11-16-2018 22:52,11-16-2018 23:02,Business,El Cerrito,Berkeley,3.1,251,Meal-Entertain,Yes
11-17-2018 10:13,11-17-2018 10:44,Business,Berkeley,Oakland,16.3,251,Customer Visit,Yes
11-18-2018 20:09,11-18-2018 20:19,Business,Krakaow,Morrisville,3.1,251,Meal-Entertain,Yes
11-18-2018 21:23,11-18-2018 21:34,Business,Morrisville,Krakaow,5.2,251,Meal-Entertain,Yes
11-18-2018 21:56,11-18-2018 22:21,Business,Krendle Woods,Whitebridge,6.1,251,Appointment,Yes
11-19-2018 13:51,11-19-2018 14:10,Business,Krakaow,Durham,10.3,251,Appointment,Yes
11-19-2018 14:30,11-19-2018 14:51,Business,Durham,Krakaow,10.5,251,Appointment,Yes
11-19-2018 16:01,11-19-2018 16:06,Business,Krakaow,Krakaow,1.5,251,,Yes
11-19-2018 16:27,11-19-2018 16:41,Business,Krakaow,Krakaow,1.8,251,,Yes
11-19-2018 17:41,11-19-2018 17:54,Business,Krakaow,Apex,5.4,251,Errand-Supplies,Yes
11-19-2018 21:14,11-19-2018 21:35,Business,Apex,Krakaow,5.4,251,Customer Visit,Yes
11-20-2018 10:27,11-20-2018 11:32,Business,Krakaow,Krakaow,39.2,251,Between Offices,Yes
11-20-2018 11:58,11-20-2018 12:28,Business,Krakaow,Krakaow,6.4,251,Customer Visit,Yes
11-20-2018 14:58,11-20-2018 15:07,Business,Krakaow,Krakaow,2.7,251,Appointment,Yes
11-20-2018 17:45,11-20-2018 18:37,Business,Krakaow,Krakaow,18.5,251,Errand-Supplies,Yes
11-21-2018 13:37,11-21-2018 13:49,Business,Krakaow,Krakaow,2.5,251,Meal-Entertain,Yes
11-21-2018 14:34,11-21-2018 14:44,Business,Krakaow,Krakaow,2.1,251,Meal-Entertain,Yes
11-21-2018 17:50,11-21-2018 18:04,Business,Krakaow,Arnold-Zweig,6.7,251,Errand-Supplies,Yes
11-21-2018 18:18,11-21-2018 18:27,Business,Arnold-Zweig,Morrisville,3.5,251,Meal-Entertain,Yes
11-21-2018 18:43,11-21-2018 18:51,Business,Morrisville,Krakaow,3.4,251,Errand-Supplies,Yes
11-22-2018 15:12,11-22-2018 15:27,Business,Krakaow,Krakaow,5.5,251,Appointment,Yes
11-22-2018 15:31,11-22-2018 15:44,Business,Krakaow,Krakaow,4.1,251,Appointment,Yes
11-22-2018 15:51,11-22-2018 16:43,Business,Krakaow,Krakaow,12.7,251,Customer Visit,Yes
11-22-2018 18:18,11-22-2018 18:28,Business,Krakaow,Morrisville,3,251,Meal-Entertain,Yes
11-22-2018 21:02,11-22-2018 21:14,Business,Morrisville,Krakaow,3.5,251,Customer Visit,Yes
11-23-2018 15:34,11-23-2018 15:50,Business,Krakaow,Krakaow,5.9,251,Meal-Entertain,Yes
11-23-2018 16:18,11-23-2018 16:29,Business,Krakaow,Krakaow,1.9,251,,Yes
11-23-2018 16:49,11-23-2018 17:00,Business,Krakaow,Krakaow,3.3,251,,Yes
11-23-2018 18:37,11-23-2018 18:47,Business,Krakaow,Krakaow,1.3,251,,Yes
11-25-2018 11:47,11-25-2018 12:04,Business,Krakaow,Durham,10.3,251,Appointment,Yes
11-25-2018 13:13,11-25-2018 13:31,Business,Durham,Krakaow,11.1,251,Appointment,Yes
11-26-2018 15:54,11-26-2018 15:59,Business,Krakaow,Krakaow,1.4,251,,Yes
11-26-2018 17:00,11-26-2018 17:12,Business,Krakaow,Apex,5.1,251,Appointment,Yes
11-26-2018 17:36,11-26-2018 17:56,Business,Apex,Holly Springs,9,251,Appointment,Yes
11-26-2018 18:29,11-26-2018 19:04,Business,Holly Springs,Krakaow,13.3,251,Between Offices,Yes
11-26-2018 19:47,11-26-2018 19:54,Business,Krakaow,Krakaow,2.5,251,Errand-Supplies,Yes
11-27-2018 15:59,11-27-2018 16:06,Business,Krakaow,Morrisville,3.3,251,Meal-Entertain,Yes
11-27-2018 18:55,11-27-2018 19:09,Business,Morrisville,Krakaow,2.9,251,,Yes
11-30-2018 11:03,11-30-2018 11:34,Business,Krakaow,Tessenowstreet,8.5,251,Customer Visit,Yes
11-30-2018 11:53,11-30-2018 12:35,Business,Tessenowstreet,Morrisville,6.7,251,Temporary Site,Yes
11-30-2018 12:43,11-30-2018 12:53,Business,Morrisville,Krakaow,3.1,251,,Yes
12-01-2018 07:44,12-01-2018 07:59,Business,Krakaow,Krakaow,5.5,251,Appointment,Yes
12-01-2018 08:37,12-01-2018 08:53,Business,Krakaow,Krakaow,5.5,251,Errand-Supplies,Yes
12-01-2018 18:00,12-01-2018 18:12,Business,Krakaow,Morrisville,2.9,251,Meal-Entertain,Yes
12-01-2018 20:36,12-01-2018 20:46,Business,Morrisville,Krakaow,2.9,251,Customer Visit,Yes
12-02-2018 12:12,12-02-2018 12:23,Business,Krakaow,Apex,5.1,251,Meal-Entertain,Yes
12-02-2018 13:07,12-02-2018 13:22,Business,Apex,Krakaow,5.3,251,Customer Visit,Yes
12-02-2018 20:41,12-02-2018 20:48,Business,Krakaow,Morrisville,3.3,251,Meal-Entertain,Yes
12-02-2018 22:59,12-02-2018 23:07,Business,Morrisville,Krakaow,3,251,Customer Visit,Yes
12-03-2018 18:35,12-03-2018 18:56,Business,Krakaow,Wake Co.,6.6,251,Errand-Supplies,Yes
12-03-2018 19:08,12-03-2018 19:15,Business,Wake Co.,Morrisville,1.8,251,,Yes
12-03-2018 20:31,12-03-2018 20:41,Business,Morrisville,Krakaow,3,251,Customer Visit,Yes
12-04-2018 18:56,12-04-2018 19:03,Business,Krakaow,Morrisville,2.9,251,Meal-Entertain,Yes
12-04-2018 20:23,12-04-2018 20:34,Business,Morrisville,Krakaow,3.4,251,Customer Visit,Yes
12-05-2018 18:04,12-05-2018 18:17,Business,Krakaow,Krakaow,4.1,251,,Yes
12-05-2018 19:22,12-05-2018 19:37,Business,s,Krakaow,3.8,251,Meal-Entertain,Yes
12-07-2018 12:03,12-07-2018 12:32,Business,Krakaow,Krakaow,6.6,251,Appointment,Yes
12-07-2018 12:35,12-07-2018 12:46,Business,Krakaow,Krakaow,4,251,Appointment,Yes
12-07-2018 19:53,12-07-2018 20:13,Business,Krakaow,Krakaow,7,251,Customer Visit,Yes
12-07-2018 21:13,12-07-2018 21:50,Business,Krakaow,Krakaow,6.9,251,Meal-Entertain,Yes
12-08-2018 14:19,12-08-2018 14:32,Business,Krakaow,Krakaow,3.4,251,Errand-Supplies,Yes
12-08-2018 14:53,12-08-2018 15:02,Business,Krakaow,Krakaow,3.4,251,Errand-Supplies,Yes
12-08-2018 19:22,12-08-2018 19:27,Business,Krakaow,Krakaow,2,251,Appointment,Yes
12-08-2018 21:26,12-08-2018 21:31,Business,Krakaow,Krakaow,2,251,Errand-Supplies,Yes
12-09-2018 12:09,12-09-2018 12:24,Business,Krakaow,Apex,5.1,251,Errand-Supplies,Yes
12-09-2018 13:15,12-09-2018 13:43,Business,Apex,Krakaow,8.8,251,Temporary Site,Yes
12-09-2018 20:11,12-09-2018 20:34,Business,Krakaow,Krakaow,5.6,251,Appointment,Yes
12-09-2018 22:03,12-09-2018 22:57,Business,Krakaow,Krakaow,18.9,251,Customer Visit,Yes
12-10-2018 12:43,12-10-2018 13:16,Business,Krakaow,Fuquay-Varina,15.6,251,Appointment,Yes
12-10-2018 14:42,12-10-2018 15:18,Business,Fuquay-Varina,Krakaow,15.6,251,Errand-Supplies,Yes
12-10-2018 18:17,12-10-2018 18:27,Business,Krakaow,Morrisville,3,251,Meal-Entertain,Yes
12-10-2018 22:09,12-10-2018 22:21,Business,Morrisville,Krakaow,3.1,251,Customer Visit,Yes
12-11-2018 16:06,12-11-2018 16:16,Business,Krakaow,Morrisville,3,251,Meal-Entertain,Yes
12-11-2018 19:05,12-11-2018 19:15,Business,Morrisville,Krakaow,4.8,251,Errand-Supplies,Yes
12-11-2018 21:48,12-11-2018 21:56,Business,Krakaow,Krakaow,2.1,251,Errand-Supplies,Yes
12-12-2018 13:22,12-12-2018 13:32,Business,Krakaow,Krakaow,3.1,251,Errand-Supplies,Yes
12-12-2018 13:36,12-12-2018 13:51,Business,Krakaow,Apex,4.4,251,Meal-Entertain,Yes
12-12-2018 14:26,12-12-2018 14:39,Business,Apex,Krakaow,4.7,251,Customer Visit,Yes
12-12-2018 17:51,12-12-2018 18:01,Business,Krakaow,Morrisville,3,251,Meal-Entertain,Yes
12-12-2018 20:48,12-12-2018 20:57,Business,Morrisville,Krakaow,3,251,Customer Visit,Yes
12-13-2018 18:19,12-13-2018 18:29,Business,Krakaow,Krakaow,4.2,251,Errand-Supplies,Yes
12-13-2018 20:20,12-13-2018 20:29,Business,Krakaow,Krakaow,4.1,251,Meal-Entertain,Yes
12-14-2018 16:52,12-14-2018 17:10,Business,Krakaow,Krakaow,3.4,251,,Yes
12-14-2018 17:22,12-14-2018 17:34,Business,Krakaow,Krakaow,3.3,251,,No
12-14-2018 17:50,12-14-2018 18:00,Business,Krakaow,Morrisville,3,251,Meal-Entertain,No
12-14-2018 20:24,12-14-2018 20:40,Business,Morrisville,Krakaow,3.1,251,Customer Visit,No
12-15-2018 14:20,12-15-2018 14:54,Business,Krakaow,Morrisville,10.6,251,Appointment,No
12-17-2018 15:38,12-17-2018 16:12,Business,Arnold-Zweig,Arnold-Zweig,4.8,251,Airport-Travel,No
12-17-2018 17:19,12-17-2018 17:59,Business,Arnold-Zweig,Arnold-Zweig,5.3,251,Temporary Site,No
12-18-2018 13:03,12-18-2018 13:41,Business,Arnold-Zweig,Arnold-Zweig,4.9,251,Errand-Supplies,No
12-18-2018 16:38,12-18-2018 17:25,Business,Arnold-Zweig,Arnold-Zweig,10.2,251,Errand-Supplies,No
12-18-2018 20:35,12-18-2018 21:04,Business,Arnold-Zweig,Arnold-Zweig,9.2,251,,No
12-19-2018 9:08,12-19-2018 9:36,Business,Arnold-Zweig,Islamabad,7.7,251,Errand-Supplies,No
12-19-2018 10:15,12-19-2018 10:34,Business,Islamabad,Rawalpindi,5.9,251,Temporary Site,No
12-19-2018 13:04,12-19-2018 13:08,Business,Rawalpindi,Arnold-Zweig,0.7,251,Errand-Supplies,No
12-19-2018 13:24,12-19-2018 13:35,Business,Arnold-Zweig,Arnold-Zweig,1.3,251,,No
12-19-2018 14:07,12-19-2018 14:15,Business,Arnold-Zweig,Arnold-Zweig,2.5,251,,Yes
12-19-2018 14:18,12-19-2018 14:32,Business,Arnold-Zweig,Arnold-Zweig,5.3,251,,Yes
12-19-2018 14:37,12-19-2018 14:50,Business,Arnold-Zweig,Arnold-Zweig,5.4,251,,
12-19-2018 15:09,12-19-2018 15:38,Business,Arnold-Zweig,Rawalpindi,10.2,251,Customer Visit,
12-19-2018 16:50,12-19-2018 17:09,Business,Rawalpindi,Islamabad,7.2,251,Customer Visit,
12-19-2018 19:05,12-19-2018 19:17,Business,Islamabad,Arnold-Zweig,2.2,251,,
12-19-2018 19:55,12-19-2018 20:30,Business,Arnold-Zweig,Arnold-Zweig,11,251,Appointment,
12-20-2018 8:49,12-20-2018 9:24,Business,Arnold-Zweig,Rawalpindi,12,251,,
12-20-2018 10:30,12-20-2018 10:48,Business,Rawalpindi,Rawalpindi,3.3,251,Errand-Supplies,
12-20-2018 11:30,12-20-2018 12:17,Business,Rawalpindi,Arnold-Zweig,19.4,251,Appointment,
12-20-2018 13:14,12-20-2018 13:20,Business,Arnold-Zweig,Arnold-Zweig,1.7,251,Errand-Supplies,
12-20-2018 13:54,12-20-2018 14:17,Business,Arnold-Zweig,Islamabad,5.7,251,Temporary Site,
12-20-2018 16:14,12-20-2018 16:24,Business,Islamabad,Islamabad,1.8,251,Errand-Supplies,
12-20-2018 16:56,12-20-2018 17:07,Business,Islamabad,Islamabad,1.4,251,Errand-Supplies,Yes
12-20-2018 18:47,12-20-2018 19:21,Business,Islamabad,Arnold-Zweig,10.3,251,Customer Visit,Yes
12-21-2018 7:42,12-21-2018 8:10,Business,Arnold-Zweig,Arnold-Zweig,11.5,251,Appointment,Yes
12-21-2018 10:14,12-21-2018 10:30,Business,Arnold-Zweig,Islamabad,4.9,251,Errand-Supplies,Yes
12-21-2018 11:35,12-21-2018 11:49,Business,Islamabad,Arnold-Zweig,3.5,251,Meal-Entertain,Yes
12-21-2018 12:51,12-21-2018 13:33,Business,Arnold-Zweig,Arnold-Zweig,16.2,251,Appointment,Yes
12-21-2018 15:38,12-21-2018 15:49,Business,Arnold-Zweig,Arnold-Zweig,2,251,Errand-Supplies,Yes
12-21-2018 15:55,12-21-2018 16:05,Business,Arnold-Zweig,Islamabad,2.1,251,Errand-Supplies,Yes
12-21-2018 17:45,12-21-2018 17:54,Business,Islamabad,Islamabad,2.1,251,Appointment,Yes
12-21-2018 17:59,12-21-2018 18:31,Business,Islamabad,Arnold-Zweig,7.2,251,Customer Visit,Yes
12-21-2018 19:49,12-21-2018 20:35,Business,Arnold-Zweig,Rawalpindi,12,251,Appointment,Yes
12-21-2018 20:56,12-21-2018 23:42,Business,Rawalpindi,Arnold-Zweig,103,251,Appointment,Yes
12-22-2018 15:40,12-22-2018 16:38,Business,Arnold-Zweig,Arnold-Zweig,32.3,251,Appointment,Yes
12-22-2018 17:04,12-22-2018 17:20,Business,Arnold-Zweig,Arnold-Zweig,5.3,251,Customer Visit,Yes
12-22-2018 17:27,12-22-2018 17:53,Business,Arnold-Zweig,Arnold-Zweig,11.6,251,Appointment,Yes
12-22-2018 17:56,12-22-2018 18:29,Business,Arnold-Zweig,Arnold-Zweig,23.2,251,Appointment,Yes
12-22-2018 18:31,12-22-2018 18:37,Business,Arnold-Zweig,Arnold-Zweig,3.2,251,Errand-Supplies,Yes
12-22-2018 18:38,12-22-2018 18:47,Business,Arnold-Zweig,Arnold-Zweig,12.3,251,Temporary Site,Yes
12-22-2018 19:04,12-22-2018 19:50,Business,Arnold-Zweig,Gustav-Adolf,14,251,Appointment,Yes
12-22-2018 21:41,12-22-2018 21:53,Business,Gustav-Adolf,Gustav-Adolf,2.1,251,Meal-Entertain,Yes
12-22-2018 23:27,12-22-2018 23:32,Business,Gustav-Adolf,Gustav-Adolf,2.1,251,Customer Visit,Yes
12-23-2018 9:21,12-23-2018 9:41,Business,Gustav-Adolf,Gustav-Adolf,3,251,Appointment,Yes
12-23-2018 11:33,12-23-2018 11:58,Business,Gustav-Adolf,Arnold-Zweig,6.2,251,Appointment,Yes
12-23-2018 14:15,12-23-2018 15:25,Business,Arnold-Zweig,Arnold-Zweig,9.6,251,Appointment,Yes
12-23-2018 16:23,12-23-2018 16:34,Business,Arnold-Zweig,Arnold-Zweig,1.3,251,Errand-Supplies,Yes
12-23-2018 17:34,12-23-2018 18:27,Business,Arnold-Zweig,Gustav-Adolf,7.1,251,Meal-Entertain,Yes
12-24-2018 7:43,12-24-2018 8:04,Business,Gustav-Adolf,Arnold-Zweig,6.3,251,Meal-Entertain,Yes
12-24-2018 9:19,12-24-2018 9:55,Business,Arnold-Zweig,Gustav-Adolf,10.7,251,Meal-Entertain,Yes
12-24-2018 10:34,12-24-2018 10:53,Business,Gustav-Adolf,Gustav-Adolf,5.3,251,Meal-Entertain,Yes
12-24-2018 12:51,12-24-2018 12:53,Business,Gustav-Adolf,Gustav-Adolf,1.6,251,Errand-Supplies,Yes
12-24-2018 13:08,12-24-2018 13:29,Business,Gustav-Adolf,Gustav-Adolf,3.6,251,Errand-Supplies,Yes
12-24-2018 17:12,12-24-2018 17:27,Business,Gustav-Adolf,Gustav-Adolf,1.7,251,Errand-Supplies,Yes
12-24-2018 19:12,12-24-2018 19:27,Business,Gustav-Adolf,Gustav-Adolf,2.9,251,Meal-Entertain,Yes
12-24-2018 22:04,12-24-2018 22:09,Business,Gustav-Adolf,Gustav-Adolf,0.6,251,Errand-Supplies,Yes
12-25-2018 0:10,12-25-2018 0:14,Business,Gustav-Adolf,Gustav-Adolf,0.6,251,Errand-Supplies,Yes
12-25-2018 19:15,12-25-2018 19:26,Business,Gustav-Adolf,Gustav-Adolf,2.3,251,Meal-Entertain,Yes
12-25-2018 21:58,12-25-2018 22:04,Business,Gustav-Adolf,Gustav-Adolf,2.3,251,Meal-Entertain,Yes
12-26-2018 8:30,12-26-2018 8:41,Business,Gustav-Adolf,Gustav-Adolf,3.2,251,Meal-Entertain,Yes
12-26-2018 9:05,12-26-2018 9:19,Business,Gustav-Adolf,Gustav-Adolf,6.2,251,Customer Visit,Yes
12-26-2018 10:15,12-26-2018 10:36,Business,Gustav-Adolf,Gustav-Adolf,7.7,251,Customer Visit,Yes
12-26-2018 11:29,12-26-2018 11:42,Business,Gustav-Adolf,Gustav-Adolf,3.8,251,Customer Visit,Yes
12-26-2018 13:09,12-26-2018 13:43,Business,Gustav-Adolf,Arnold-Zweig,7.9,251,Appointment,Yes
12-27-2018 7:02,12-27-2018 7:14,Business,Maxim-Gorki ,Maxim-Gorki ,4.9,251,Temporary Site,Yes
12-27-2018 8:37,12-27-2018 8:59,Business,Maxim-Gorki ,Maxim-Gorki ,5,251,Meal-Entertain,Yes
12-27-2018 12:53,12-27-2018 12:57,Business,Maxim-Gorki ,Maxim-Gorki ,0.6,251,Meal-Entertain,Yes
12-27-2018 14:49,12-27-2018 15:03,Business,Maxim-Gorki ,Arnold-Zweig,3.1,251,Customer Visit,Yes
12-27-2018 16:34,12-27-2018 16:58,Business,Arnold-Zweig,Maxim-Gorki ,7.9,251,Appointment,Yes
12-27-2018 19:19,12-27-2018 19:50,Business,Maxim-Gorki ,Maxim-Gorki ,5.5,251,Customer Visit,Yes
12-28-2018 8:34,12-28-2018 9:06,Business,Maxim-Gorki ,Arnold-Zweig,10.3,251,Meal-Entertain,Yes
12-28-2018 11:42,12-28-2018 12:12,Business,Arnold-Zweig,Maxim-Gorki ,10.4,251,Errand-Supplies,Yes
12-28-2018 13:53,12-28-2018 14:01,Business,Maxim-Gorki ,Maxim-Gorki ,2,251,Errand-Supplies,
12-28-2018 15:04,12-28-2018 15:39,Business,Maxim-Gorki ,Arnold-Zweig,8.5,251,Meal-Entertain,
12-28-2018 17:02,12-28-2018 17:16,Business,Arnold-Zweig,Maxim-Gorki ,4.4,251,Errand-Supplies,
12-28-2018 18:33,12-28-2018 18:56,Business,Maxim-Gorki ,Maxim-Gorki ,3.8,251,Errand-Supplies,Yes
12-28-2018 22:44,12-28-2018 23:18,Business,Maxim-Gorki ,Maxim-Gorki ,5.1,251,Errand-Supplies,Yes
12-29-2018 0:49,12-29-2018 1:06,Business,Maxim-Gorki ,Maxim-Gorki ,3.8,251,Errand-Supplies,Yes
12-29-2018 9:44,12-29-2018 10:07,Business,Maxim-Gorki ,Arnold-Zweig,11.6,251,Meal-Entertain,Yes
12-29-2018 11:28,12-29-2018 12:00,Business,Arnold-Zweig,Maxim-Gorki ,11.9,251,Meal-Entertain,Yes
12-29-2018 12:25,12-29-2018 12:33,Business,Maxim-Gorki ,Maxim-Gorki ,1.4,251,Errand-Supplies,Yes
12-29-2018 13:17,12-29-2018 13:24,Business,Maxim-Gorki ,Maxim-Gorki ,1.1,251,Errand-Supplies,Yes
12-29-2018 13:56,12-29-2018 14:11,Business,Maxim-Gorki ,Maxim-Gorki ,4.1,251,Airport-Travel,
12-29-2018 14:42,12-29-2018 14:58,Business,Maxim-Gorki ,Maxim-Gorki ,6.1,251,Between Offices,
12-29-2018 15:05,12-29-2018 15:16,Business,Maxim-Gorki ,Maxim-Gorki ,1.3,251,Errand-Supplies,
12-29-2018 18:59,12-29-2018 19:14,Business,Maxim-Gorki ,Arnold-Zweig,3,251,Meal-Entertain,
12-29-2018 19:50,12-29-2018 20:10,Business,Arnold-Zweig,Maxim-Gorki ,4.1,251,Customer Visit,
12-29-2018 20:15,12-29-2018 20:45,Business,Maxim-Gorki ,Maxim-Gorki ,7.2,251,Appointment,
12-29-2018 20:53,12-29-2018 21:42,Business,Maxim-Gorki ,Arnold-Zweig,6.4,251,,Yes
12-29-2018 23:14,12-29-2018 23:47,Business,Arnold-Zweig,Maxim-Gorki ,12.9,251,Appointment,Yes
12-30-2018 10:15,12-30-2018 10:33,Business,Maxim-Gorki ,Maxim-Gorki ,2.8,251,Errand-Supplies,Yes
12-30-2018 11:31,12-30-2018 11:56,Business,Maxim-Gorki ,Maxim-Gorki ,2.9,251,Errand-Supplies,No
12-30-2018 15:41,12-30-2018 16:03,Business,Maxim-Gorki ,Maxim-Gorki ,4.6,251,Errand-Supplies,No
12-30-2018 16:45,12-30-2018 17:08,Business,Maxim-Gorki ,Maxim-Gorki ,4.6,251,Appointment,No
12-30-2018 23:06,12-30-2018 23:10,Business,Maxim-Gorki ,Maxim-Gorki ,0.8,251,Customer Visit,No
12-31-2018 1:07,12-31-2018 1:14,Business,Maxim-Gorki ,Maxim-Gorki ,0.7,251,Appointment,Yes
12-31-2018 13:24,12-31-2018 13:42,Business,Maxim-Gorki ,Arnold-Zweig,3.9,251,Temporary Site,Yes
12-31-2018 15:03,12-31-2018 15:38,Business,Arnold-Zweig,Arnold-Zweig,16.2,251,Appointment,Yes
12-31-2018 21:32,12-31-2018 21:50,Business,Katunayake,Gampaha,6.4,251,Temporary Site,Yes
12-31-2018 22:08,12-31-2018 23:51,Business,Gampaha,Ilukwatta,48.2,251,Temporary Site,Yes
,,,,,12204.7,925181.33,,
